Title,Author,First Publish Year,URL
Wuthering Heights,Emily Brontë,1846,https://openlibrary.org/works/OL21177W
Анна Каренина,Лев Толстой,1876,https://openlibrary.org/works/OL267096W
The Great Gatsby,F. Scott Fitzgerald,1920,https://openlibrary.org/works/OL468431W
Ethan Frome,Edith Wharton,1910,https://openlibrary.org/works/OL98501W
Romeo and Juliet,William Shakespeare,1597,https://openlibrary.org/works/OL362427W
πολιτεία,Plato,1554,https://openlibrary.org/works/OL51831W
A Room with a View,E. M. Forster,1905,https://openlibrary.org/works/OL88813W
Hrabě Monte Cristo. Díl 1 a 2 (třísvazkové vydání),Alexandre Dumas,1830,https://openlibrary.org/works/OL36287W
Le petit prince,Antoine de Saint-Exupéry,1943,https://openlibrary.org/works/OL10263W
Sonnets,William Shakespeare,1609,https://openlibrary.org/works/OL362706W
As You Like It,William Shakespeare,1734,https://openlibrary.org/works/OL362698W
The Importance of Being Earnest,Oscar Wilde,1893,https://openlibrary.org/works/OL27776452W
Chronicles of Avonlea,Lucy Maud Montgomery,1912,https://openlibrary.org/works/OL77788W
कामसूत्र,Vatsyāyana,1883,https://openlibrary.org/works/OL239940W
Συμπόσιον,Plato,1559,https://openlibrary.org/works/OL51815W
Cyrano de Bergerac,Edmond Rostand,1821,https://openlibrary.org/works/OL551668W
Rose in Bloom,"Louisa May Alcott, Harriet Roosevelt Richards",1876,https://openlibrary.org/works/OL30020W
Vita nuova,"Dante Alighieri, Dante Gabriel Rossetti, Michael Palmer, Dante Rossetti, Roger Grass",1829,https://openlibrary.org/works/OL93228W
Lolita,Vladimir Nabokov,1777,https://openlibrary.org/works/OL627084W
Γοργίας,Plato,1827,https://openlibrary.org/works/OL51785W
"Works [37 plays, 6 poems, sonnets]",William Shakespeare,1730,https://openlibrary.org/works/OL259028W
Чайка,Антон Павлович Чехов,1915,https://openlibrary.org/works/OL55403W
Rebecca,Daphne du Maurier,1938,https://openlibrary.org/works/OL36633W
Ars Amatoria,"Ovid, Niklas Holzberg, Len Krisak, Sarah Ruden, Ovid, Publius Ovidius Publius Ovidius Naso, Henry T. Riley, M.J. Griggs, b. p. moore",1494,https://openlibrary.org/works/OL97725W
Доктор Живаго,Boris Leonidovich Pasternak,1957,https://openlibrary.org/works/OL258301W
Bracebridge Hall,Washington Irving,1800,https://openlibrary.org/works/OL63915W
Mémoires d'Hadrien,Marguerite Yourcenar,1951,https://openlibrary.org/works/OL106837W
Μένων,Plato,1869,https://openlibrary.org/works/OL51940W
Letters to a young poet,Rainer Maria Rilke,1656,https://openlibrary.org/works/OL3800761W
Romeo and Juliet (adaptation),"William Shakespeare, John McDonald",1748,https://openlibrary.org/works/OL2694991W
الروض العاطر في نزهة الخاطر,ʻUmar ibn Muḥammad Nafzāwī,1886,https://openlibrary.org/works/OL905626W
Φαῖδρος,Plato,1792,https://openlibrary.org/works/OL51816W
Twilight,Stephenie Meyer,2005,https://openlibrary.org/works/OL5720023W
Guess How Much I Love You,"Sam McBratney, Anita Jeram",1994,https://openlibrary.org/works/OL58402W
Psychopathia sexualis,"Richard von Krafft-Ebing, Krafft/, Charles Gilbert Chaddock, Francis Joseph Rebman",1886,https://openlibrary.org/works/OL15822096W
The Quiet American,Graham Greene,1940,https://openlibrary.org/works/OL106081W
Hernani,Victor Hugo,1830,https://openlibrary.org/works/OL1064116W
La casa de los espíritus,Isabel Allende,1982,https://openlibrary.org/works/OL1905255W
"Annonce Faite a Marie, L'","Paul Claudel, Claudel, Paul; Wallace Fowlie (transl.) Claudel, A. Lytton Sells, C. M. Girdlestone",1912,https://openlibrary.org/works/OL1098844W
Das Parfum,Patrick Süskind,1985,https://openlibrary.org/works/OL10834W
A Wrinkle in Time,Madeleine L'Engle,1962,https://openlibrary.org/works/OL41495W
East of Eden,John Steinbeck,1952,https://openlibrary.org/works/OL23166W
The Art of Loving,Erich Fromm,1956,https://openlibrary.org/works/OL1184991W
Libro de buen amor,Juan Ruiz,1900,https://openlibrary.org/works/OL3650890W
Vies des dames galantes,"Pierre de Bourdeille, seigneur de Brantôme",1722,https://openlibrary.org/works/OL2100998W
Stepping heavenward,Elizabeth Prentiss,1869,https://openlibrary.org/works/OL811123W
New Moon,Stephenie Meyer,2006,https://openlibrary.org/works/OL5720027W
Como agua para chocolate,Laura Esquivel,1989,https://openlibrary.org/works/OL953162W
Nesnesitelná lehkost bytí,Milan Kundera,1984,https://openlibrary.org/works/OL8972751W
The Fault in Our Stars,John Green,2010,https://openlibrary.org/works/OL16444438W
Introduction à la vie dévote,Francis de Sales,1662,https://openlibrary.org/works/OL1140014W
De l'amour,Stendhal,1800,https://openlibrary.org/works/OL733306W
A Severed Head,Iris Murdoch,1961,https://openlibrary.org/works/OL1326348W
Insurgent,Veronica Roth,2011,https://openlibrary.org/works/OL16325201W
The Little Tin Soldier,"Hans Christian Andersen, Various",1900,https://openlibrary.org/works/OL25423W
Bodas de sangre,Federico García Lorca,1935,https://openlibrary.org/works/OL10342794W
Allegiant,Veronica Roth,2011,https://openlibrary.org/works/OL16808471W
Five Little Peppers Grown Up,Margaret Sidney,1892,https://openlibrary.org/works/OL1528826W
The postman always rings twice,"James M. Cain, Andrew Braunsberg, David Mamet, Charles Mulvehill, Bob Rafelson",1934,https://openlibrary.org/works/OL3480719W
Romance,"Joseph Conrad, Ford Madox Ford",1900,https://openlibrary.org/works/OL39059W
The greatest thing in the world,Henry Drummond,1890,https://openlibrary.org/works/OL8379727W
Catullus,Gaius Valerius Catullus,1554,https://openlibrary.org/works/OL15229223W
Wicked,Gregory Maguire,1995,https://openlibrary.org/works/OL66218W
Ramona,Helen Hunt Jackson,1884,https://openlibrary.org/works/OL1800220W
Enten-eller,Søren Kierkegaard,1843,https://openlibrary.org/works/OL112738W
Enneads,Plotinus,1914,https://openlibrary.org/works/OL67087W
"Can't You Sleep, Little Bear?","Martin Waddell, Barbara Firth, Virginia Miller",1988,https://openlibrary.org/works/OL114207W
Love's coming-of-age,Edward Carpenter,1896,https://openlibrary.org/works/OL1041147W
Virginibus puerisque,Robert Louis Stevenson,1881,https://openlibrary.org/works/OL24159W
Del amor y otros demonios,Gabriel García Márquez,1994,https://openlibrary.org/works/OL468850W
A Girl of the Limberlost,Gene Stratton-Porter,1909,https://openlibrary.org/works/OL42384W
Stargirl,Jerry Spinelli,2000,https://openlibrary.org/works/OL77100W
Estudios sobre el amor,José Ortega y Gasset,1939,https://openlibrary.org/works/OL504343W
Theodosius,Nathaniel Lee,1680,https://openlibrary.org/works/OL149807W
The Five Love Languages,Gary D. Chapman,1992,https://openlibrary.org/works/OL1680319W
Owl Babies,Martin Waddell,1975,https://openlibrary.org/works/OL114136W
"Revelations of divine love, recorded by Julian, anchoress at Norwich, A.D. 1373","Julian of Norwich, Warrack, Grace Harriet, 1855-1932, Julian, Frances Beer, Edmund Colledge, James Walsh, Jean Leclercq, John Skinner",1901,https://openlibrary.org/works/OL742115W
H.R.H.,"Danielle Steel, Victoria Alonso Blanco",2006,https://openlibrary.org/works/OL19692W
Forever,Judy Blume,1957,https://openlibrary.org/works/OL1838409W
The Summer of the Swans,Betsy Cromer Byars,1970,https://openlibrary.org/works/OL279226W
Hester,Margaret Oliphant,1883,https://openlibrary.org/works/OL890472W
"A defence of poetry, by P.B. Shelley",Percy Bysshe Shelley,1890,https://openlibrary.org/works/OL14853182W
Surprised by Joy,C. S. Lewis,1955,https://openlibrary.org/works/OL71159W
En man som heter Ove,Fredrik Backman,2012,https://openlibrary.org/works/OL16793865W
Tirukkur̲aḷ,"Tiruvaḷḷuvar., Satguru Subramuniyaswami, Satguru Sivaya Subramuniyaswami",1927,https://openlibrary.org/works/OL331347W
Love You Forever,Robert N. Munsch,1986,https://openlibrary.org/works/OL88707W
Cendrillon,Charles Perrault,1886,https://openlibrary.org/works/OL23868W
Hite Report Women & Love,Shere Hite,1976,https://openlibrary.org/works/OL2815101W
Born in Fire,Nora Roberts,1994,https://openlibrary.org/works/OL111532W
The Black Stallion,Walter Farley,1941,https://openlibrary.org/works/OL869965W
The Time Traveler's Wife,Audrey Niffenegger,2003,https://openlibrary.org/works/OL4720160W
Le coup de grâce,Marguerite Yourcenar,1939,https://openlibrary.org/works/OL106854W
Denier du Reve,Marguerite Yourcenar,1934,https://openlibrary.org/works/OL106856W
Immortal wife,Irving Stone,1940,https://openlibrary.org/works/OL111997W
Love,Toni Morrison,1999,https://openlibrary.org/works/OL15843891W
Red Queen,Victoria Aveyard,2015,https://openlibrary.org/works/OL17356883W
Teleny,"Anonymous, Oscar Wilde",1893,https://openlibrary.org/works/OL7955184W
Les Amities Particulaires,Roger Peyrefitte,1945,https://openlibrary.org/works/OL2434523W
A Court of Thorns and Roses,Sarah J. Maas,2013,https://openlibrary.org/works/OL17352669W
Jazz,Toni Morrison,1992,https://openlibrary.org/works/OL50563W
Jazz,Toni Morrison,1992,https://openlibrary.org/works/OL50563W
Haben oder sein,Erich Fromm,1976,https://openlibrary.org/works/OL1185004W
The Selection (The Selection #1),Kiera Cass,2012,https://openlibrary.org/works/OL16361029W
山の音,川端康成,1954,https://openlibrary.org/works/OL2045109W
The Brief Wondrous Life of Oscar Wao,Junot Díaz,2007,https://openlibrary.org/works/OL7990014W
Eleanor & Park,Rainbow Rowell,2012,https://openlibrary.org/works/OL16803752W
The Pride of the Peacock,Eleanor Burford,1976,https://openlibrary.org/works/OL3931454W
The Elite (The Selection #2),Kiera Cass,2012,https://openlibrary.org/works/OL16915199W
Tutta colpa di un caffè con panna,Elisabetta Dami,2000,https://openlibrary.org/works/OL8115813W
Gjentagelsen,Søren Kierkegaard,1843,https://openlibrary.org/works/OL112735W
Klara and the Sun,Kazuo Ishiguro,2019,https://openlibrary.org/works/OL20883297W
Wuthering Heights / Agnes Grey,"Emily Brontë, Anne Brontë",1870,https://openlibrary.org/works/OL17392581W
A short and very easy method of prayer,"Jeanne Marie Bouvier de La Motte Guyon, James W. Metcalf, CrossReach Publications",1775,https://openlibrary.org/works/OL2298237W
Anne Hooper's pocket Kama Sutra,"Anne Hooper, Ulrike Kerstiens",1994,https://openlibrary.org/works/OL1698246W
The Four Loves,C. S. Lewis,1960,https://openlibrary.org/works/OL71161W
"Matched (Matched Trilogy, Book 1)",Ally Condie,2010,https://openlibrary.org/works/OL15493120W
Critique of psychoanalysis,Carl Gustav Jung,1956,https://openlibrary.org/works/OL95078W
Love Comes Softly,Janette Oke,1979,https://openlibrary.org/works/OL97176W
Jean and Johnny,Beverly Cleary,1959,https://openlibrary.org/works/OL151932W
The Miraculous Journey of Edward Tulane,Kate DiCamillo,2000,https://openlibrary.org/works/OL468661W
Castle in the Air,Diana Wynne Jones,1990,https://openlibrary.org/works/OL60141W
Son of a Witch,Gregory Maguire,2005,https://openlibrary.org/works/OL66214W
First love,"James Patterson, Emily Raymond",2013,https://openlibrary.org/works/OL17308058W
To All the Boys I've Loved Before,Jenny Han,2014,https://openlibrary.org/works/OL17203233W
The gift of the Magi,O. Henry,1906,https://openlibrary.org/works/OL181953W
Women Who Love Too Much,Robin Norwood,1985,https://openlibrary.org/works/OL2647505W
The Ministry of Utmost Happiness,Arundhati Roy,2017,https://openlibrary.org/works/OL17778666W
Hop on Pop,Dr. Seuss,1963,https://openlibrary.org/works/OL261164W
Ruin and Rising,Leigh Bardugo,2014,https://openlibrary.org/works/OL17293267W
The One (The Selection #3),Kiera Cass,2012,https://openlibrary.org/works/OL16925622W
Traité de l'amour de Dieu,"Francis de Sales, Etienne-Marie Lajeunie",1630,https://openlibrary.org/works/OL1140013W
Shadow souls,Lisa Jane Smith,2010,https://openlibrary.org/works/OL14982396W
London Fields,Martin Amis,1989,https://openlibrary.org/works/OL16854W
"Everything, Everything","Nicola Yoon, Eric Chevreau (Traduction)",2015,https://openlibrary.org/works/OL17843967W
The Luckiest Girl,Beverly Cleary,1958,https://openlibrary.org/works/OL151935W
"The young enchanted, a romantic story",Hugh Walpole,1921,https://openlibrary.org/works/OL1149224W
Marina,Carlos Ruiz Zafón,2003,https://openlibrary.org/works/OL6036830W
Empire of Storms,Sarah J. Maas,2016,https://openlibrary.org/works/OL17625829W
The Abbess of Castro and other tales,Stendhal,1839,https://openlibrary.org/works/OL733274W
The drama of love and death,Edward Carpenter,1912,https://openlibrary.org/works/OL1041135W
Shatter Me,Tahereh Mafi,2011,https://openlibrary.org/works/OL16014245W
Voyage in the Dark,Jean Rhys,1934,https://openlibrary.org/works/OL1858636W
Famous Affinities of History,Lyndon Orr,1912,https://openlibrary.org/works/OL200547W
コーヒーが冷めないうちに,川口俊和,2015,https://openlibrary.org/works/OL20019347W
Crown of Midnight,Sarah J. Maas,2013,https://openlibrary.org/works/OL16809980W
Bodas de sangre,"Federico García Lorca, David Johnston",1956,https://openlibrary.org/works/OL722547W
The allegory of love,C. S. Lewis,1936,https://openlibrary.org/works/OL71160W
A Stranger is Watching,Mary Higgins Clark,1977,https://openlibrary.org/works/OL13074W
Novels (Agnes Grey / Jane Eyre / Wuthering Heights),"Anne Brontë, Charlotte Brontë, Emily Brontë, Bronte, C, E, And A,",1947,https://openlibrary.org/works/OL1095411W
You and Me,"Martin Waddell, Barbara Firth",1996,https://openlibrary.org/works/OL114204W
Nightfall,Lisa Jane Smith,2005,https://openlibrary.org/works/OL4444217W
D.N. Angel,Yukiru Sugisaki,2003,https://openlibrary.org/works/OL5759115W
Frog in Love,Max Velthuijs,1989,https://openlibrary.org/works/OL1735803W
Crossed,Ally Condie,2009,https://openlibrary.org/works/OL16307969W
"Definitely Dead (Southern Vampire Mysteries, Book 6)",Charlaine Harris,2006,https://openlibrary.org/works/OL82382W
Travesuras de la niña mala,Mario Vargas Llosa,2006,https://openlibrary.org/works/OL857660W
Rumble in the jungle,"Giles Andreae, A. Giles",1996,https://openlibrary.org/works/OL73216W
Treatise concerning the religious affections,Jonathan Edwards,1746,https://openlibrary.org/works/OL37935W
Angelic wisdom concerning the divine love and the divine wisdom,Emanuel Swedenborg,1843,https://openlibrary.org/works/OL15337798W
The Devil's Laughter,Frank Yerby,1953,https://openlibrary.org/works/OL4906746W
The Sun is Also a Star,"Nicola Yoon, KARINE SUHARD - GUIE",2016,https://openlibrary.org/works/OL18199565W
Heartless,Marissa Meyer,2000,https://openlibrary.org/works/OL17886378W
Eleven Minutes,Paulo Coelho,2003,https://openlibrary.org/works/OL796601W
Winter of Artifice,Anaïs Nin,1939,https://openlibrary.org/works/OL2742651W
The Changeover,Margaret Mahy,1974,https://openlibrary.org/works/OL86139W
A Dog's Purpose,W. Bruce Cameron,2010,https://openlibrary.org/works/OL15572356W
Linger,Maggie Stiefvater,2010,https://openlibrary.org/works/OL15070436W
The pursuit of love,Nancy Mitford,1945,https://openlibrary.org/works/OL2233736W
Holding Up the Universe,Jennifer Niven,2016,https://openlibrary.org/works/OL20037217W
Girl Online:  On Tour,Zoe Sugg,2014,https://openlibrary.org/works/OL17587864W
Amahl and the Night Visitors,"Menotti, Gian Carlo, Gian-Carlo Menotti, Gian Carlo Menotti, G. C. Menotti",1951,https://openlibrary.org/works/OL122048W
Kærlighedens gerninger,Søren Kierkegaard,1946,https://openlibrary.org/works/OL112733W
A Woman Called Fancy,"Frank Yerby, Hadasah Shapira",1951,https://openlibrary.org/works/OL4906751W
"Love, Stargirl",Jerry Spinelli,2007,https://openlibrary.org/works/OL77095W
The Confessions of Max Tivoli,Andrew Sean Greer,2003,https://openlibrary.org/works/OL507399W
Evolution of Love,Emil Lucka,2008,https://openlibrary.org/works/OL21631683W
The Private School Murders,"James Patterson, Maxine Paetro",2013,https://openlibrary.org/works/OL18821976W
"Lisa, Bright and Dark",John Neufeld,1968,https://openlibrary.org/works/OL20426W
The Giving Tree,Shel Silverstein,1964,https://openlibrary.org/works/OL3368288W
Call Me by Your Name,André Aciman,2007,https://openlibrary.org/works/OL8034526W
"Sex, Love, and Romance in the Mass Media",Mary-Lou Galician,1600,https://openlibrary.org/works/OL5801633W
The Heir (The Selection #4),Kiera Cass,2015,https://openlibrary.org/works/OL17104741W
Noughts & Crosses,Malorie Blackman,1998,https://openlibrary.org/works/OL4126109W
Shiosai,三島由紀夫,1954,https://openlibrary.org/works/OL1845332W
Letters to Karen  Abingdon Press (Abingdon Classics),"Charlie W. Shedd, Charlie W.Shedd, Shedd",1965,https://openlibrary.org/works/OL1907013W
Dialoghi d'amore,León Hebreo,1558,https://openlibrary.org/works/OL3649435W
The Message,Katherine Applegate,1996,https://openlibrary.org/works/OL27836W
An Acceptable Time (Time Quintet #5 / O'Keefe Family #4),Madeleine L'Engle,1989,https://openlibrary.org/works/OL41482W
3:16,Max Lucado,2007,https://openlibrary.org/works/OL57143W
"Confessions of An Ugly Stepsister (Maguire, Gregory)",Gregory Maguire,1999,https://openlibrary.org/works/OL66201W
Forever,Maggie Stiefvater,2011,https://openlibrary.org/works/OL15941697W
Works (Poems / Wuthering Heights),Emily Brontë,1907,https://openlibrary.org/works/OL21170W
Witchlight,Lisa Jane Smith,1998,https://openlibrary.org/works/OL4323629W
Solitaire,Alice Oseman,2014,https://openlibrary.org/works/OL20348172W
The origins of love and hate,Ian D. Suttie,1935,https://openlibrary.org/works/OL4839629W
The Mayflower Project,Katherine Applegate,2001,https://openlibrary.org/works/OL27802W
"Cuentos de amor, de locura y de muerte",Horacio Quiroga,1900,https://openlibrary.org/works/OL830718W
The Stranger,Katherine Applegate,1795,https://openlibrary.org/works/OL27819W
The Catalogue of the Universe,Margaret Mahy,1985,https://openlibrary.org/works/OL86138W
Love and marriage,"Ellen Key, Arthur G. Chater",1911,https://openlibrary.org/works/OL2859907W
Challenge,"Vita Sackville-West, Carol Ann Duffy, Stella Duffy",1920,https://openlibrary.org/works/OL1347384W
Dodger,Terry Pratchett,2012,https://openlibrary.org/works/OL16699828W
The Girl from Montana,Grace Livingston Hill,1908,https://openlibrary.org/works/OL14848636W
"Primary love, and psycho-analytic technique",Michael Balint,1953,https://openlibrary.org/works/OL20938797W
Because I love you so much,Guido van Genechten,2003,https://openlibrary.org/works/OL4903681W
Unravel me,Tahereh Mafi,2013,https://openlibrary.org/works/OL19963111W
This I believe,"Dan Gediman, John Gregory, Mary Jo Gediman",2010,https://openlibrary.org/works/OL19906986W
Flashback,Shannon Messenger,2012,https://openlibrary.org/works/OL17938213W
Side Effects,Woody Allen,1975,https://openlibrary.org/works/OL3495954W
A kind of loving,Stan Barstow,1960,https://openlibrary.org/works/OL3781682W
Yearning,"Bell Hooks, Christopher Raschka",1990,https://openlibrary.org/works/OL31122W
Sixteen revelations of divine love,"Julian of Norwich, George Tyrrell, Serenus Cressy (Dom)",1843,https://openlibrary.org/works/OL742100W
Ain't I a Woman,bell hooks,1981,https://openlibrary.org/works/OL31123W
Winter,Marissa Meyer,2015,https://openlibrary.org/works/OL20288803W
P.S. I Still Love You,Jenny Han,2000,https://openlibrary.org/works/OL17356811W
Icebreaker,Hannah Grace,2020,https://openlibrary.org/works/OL28952677W
Dangerous Angels,Francesca Lia Block,1998,https://openlibrary.org/works/OL82411W
A world of love,Elizabeth Bowen,1955,https://openlibrary.org/works/OL724062W
Some motives and incentives to the love of God,Robert Boyle,1659,https://openlibrary.org/works/OL28210W
Kong René's datter,Henrik Hertz,1845,https://openlibrary.org/works/OL5210786W
Butterflies are Free,Leonard Gershe,1969,https://openlibrary.org/works/OL5020889W
Friends in council,Sir Arthur Helps,1800,https://openlibrary.org/works/OL1088092W
A Summer in Sonoma,Robyn Carr,2010,https://openlibrary.org/works/OL15193249W
The Rogue,Janet Dailey,1980,https://openlibrary.org/works/OL14862496W
Mozi,Mozi,1875,https://openlibrary.org/works/OL125651W
The Scorpio Races,Maggie Stiefvater,2011,https://openlibrary.org/works/OL16221923W
Flambards in Summer,K. M. Peyton,1969,https://openlibrary.org/works/OL1850130W
"Beautiful Darkness (Beautiful Creatures Series, Book 2)","Kami Garcia, Margaret Stohl",2010,https://openlibrary.org/works/OL15399863W
"Studies in the Psychology of Sex, Vol. III",Havelock Ellis,1913,https://openlibrary.org/works/OL17020593W
Feminist theory,"Bell Hooks, Noomi B. Grüsig, Nassira Hedjerassi",1984,https://openlibrary.org/works/OL31115W
The affectionate brothers,Barbara Wreaks Hoole Hofland,1816,https://openlibrary.org/works/OL607435W
The Path to Love,Deepak Chopra,1996,https://openlibrary.org/works/OL548763W
"Many Lives, Many Masters",Brian L. Weiss,1988,https://openlibrary.org/works/OL70780W
The Alien,Katherine Applegate,1997,https://openlibrary.org/works/OL27772W
Mirror Mirror,Gregory Maguire,2003,https://openlibrary.org/works/OL66231W
The Emperor and the Kite,Jane Yolen,1967,https://openlibrary.org/works/OL97381W
Never Swipe a Bully's Bear,Katherine Applegate,2008,https://openlibrary.org/works/OL27813W
Don't Swap Your Sweater for a Dog,Katherine Applegate,2008,https://openlibrary.org/works/OL27814W
Roscoe Riley Rules - Never Glue Your Friends to Chairs,Katherine Applegate,2008,https://openlibrary.org/works/OL27812W
Love and Responsibility,Pope John Paul II,1960,https://openlibrary.org/works/OL58918W
Scholastik,Josef Pieper,1960,https://openlibrary.org/works/OL112229W
An interpretation of Christian ethics,Reinhold Niebuhr,1935,https://openlibrary.org/works/OL1176543W
The garden of Allah,Robert Smythe Hichens,1900,https://openlibrary.org/works/OL1252616W
Um casamento arranjado,Zana Kheiron,2019,https://openlibrary.org/works/OL35351151W
The Siren,Kiera Cass,2009,https://openlibrary.org/works/OL14991775W
Fragments d'un discours amoureux,"Roland Barthes, Rolland Barthes, Ba er te",1977,https://openlibrary.org/works/OL1374992W
The esoteric philosophy of love and marriage,Violet M. Firth (Dion Fortune),1924,https://openlibrary.org/works/OL114616W
Every day,David Levithan,2012,https://openlibrary.org/works/OL16617537W
They Both Die at the End,Adam Silvera,2017,https://openlibrary.org/works/OL19713513W
The Language of Thorns,"Leigh Bardugo, Carlos Loscertales",2017,https://openlibrary.org/works/OL17876066W
Novels (Cannery Row / East of Eden / Grapes of Wrath / Moon is Down / Of Mice and Men),John Steinbeck,1976,https://openlibrary.org/works/OL23165W
Life of the Beloved,Henri J. M. Nouwen,1992,https://openlibrary.org/works/OL1913411W
L'amour fou,André Breton,1937,https://openlibrary.org/works/OL74693W
"Le temps, ce grand sculpteur",Marguerite Yourcenar,1983,https://openlibrary.org/works/OL106840W
Lost,Gregory Maguire,2001,https://openlibrary.org/works/OL66229W
Remedia amoris,Ovid,1636,https://openlibrary.org/works/OL97771W
The Road Less Traveled,M. Scott Peck,1978,https://openlibrary.org/works/OL2868914W
"Alice in rapture, sort of",Phyllis Reynolds Naylor,1989,https://openlibrary.org/works/OL13445W
The book of life,Upton Sinclair,1921,https://openlibrary.org/works/OL115042W
Super sad true love story,"Gary Shteyngart, Adam Grupper, Ali Ahn",2001,https://openlibrary.org/works/OL15326463W
We'll Always Have Summer,Jenny Han,2011,https://openlibrary.org/works/OL16211977W
Creating love,"Bradshaw, John",1992,https://openlibrary.org/works/OL1645360W
Champion,"Marie Lu, Steven Kaplan, Mariel Stern",2013,https://openlibrary.org/works/OL17092593W
Already Home,Susan Mallery,2011,https://openlibrary.org/works/OL15691175W
The five love languages of children,"Gary D. Chapman, Ross Campbell",1997,https://openlibrary.org/works/OL1680331W
This Savage Song,V. E. Schwab,2016,https://openlibrary.org/works/OL17876107W
An ember in the ashes,Sabaa Tahir,2015,https://openlibrary.org/works/OL17786115W
Everything I Know About Love,Dolly Alderton,2018,https://openlibrary.org/works/OL20654212W
Ugly Love,Colleen Hoover,2014,https://openlibrary.org/works/OL20577143W
Euphorion,Vernon Lee,1882,https://openlibrary.org/works/OL45480W
The Beloved Invader,Eugenia Price,1965,https://openlibrary.org/works/OL81938W
Delirium,Lauren Oliver,2011,https://openlibrary.org/works/OL27432616W
The breast-plate of faith and love,"Preston, John",1631,https://openlibrary.org/works/OL5884569W
Corbacho,Alfonso Martínez de Toledo,1949,https://openlibrary.org/works/OL4556794W
"The shewings of Lady Julian of Norwich, recluse at Norwich, 1373","Julian of Norwich, Julia Bolton Holloway",1911,https://openlibrary.org/works/OL742097W
The Spinster Book,Myrtle Reed,1901,https://openlibrary.org/works/OL2345588W
Novels (Jane Eyre / Wuthering Heights),"Charlotte Brontë, Emily Brontë",1943,https://openlibrary.org/works/OL1095380W
Musse und Kult,Josef Pieper,1948,https://openlibrary.org/works/OL112228W
Alexis ou le Traité du vain combat,Marguerite Yourcenar,1971,https://openlibrary.org/works/OL106828W
What my mother doesn't know,Sonya Sones,2001,https://openlibrary.org/works/OL37977W
Aphrodite the beautiful,"Joan Holub, Suzanne Williams",2010,https://openlibrary.org/works/OL15038910W
Lotta på Bråkmakargatan,Astrid Lindgren,1962,https://openlibrary.org/works/OL14873023W
Phantom,Lisa Jane Smith,2011,https://openlibrary.org/works/OL16099563W
Blood on My Hands,Todd Strasser,2010,https://openlibrary.org/works/OL15672290W
The Crown (The Selection #5),Kiera Cass,2016,https://openlibrary.org/works/OL17356843W
The five love languages of teenagers,Gary D. Chapman,2000,https://openlibrary.org/works/OL1680332W
Ignite Me,Tahereh Mafi,2014,https://openlibrary.org/works/OL16813331W
Tales from a not-so-happy heartbreaker,Rachel Renée Russell,2013,https://openlibrary.org/works/OL17179797W
The Paris Mysteries,"James Patterson, Maxine Paetro",2013,https://openlibrary.org/works/OL19087058W
The ugly little boy,"Isaac Asimov, Robert Silverberg",1991,https://openlibrary.org/works/OL46195W
The Argonauts,Maggie Nelson,2015,https://openlibrary.org/works/OL19999589W
Love monster,Rachel Bright,2012,https://openlibrary.org/works/OL19710045W
Girlosophy,Anthea Paul,2000,https://openlibrary.org/works/OL15842990W
Truelove,Babette Cole,2000,https://openlibrary.org/works/OL1640777W
The old garden and other verses,Margaret Wade Campbell Deland,1886,https://openlibrary.org/works/OL2346151W
Mr. Louie Is Screwy!,Dan Gutman,2007,https://openlibrary.org/works/OL41378W
Smaragdgrün,"Kerstin Gier, Anthea Bell",2010,https://openlibrary.org/works/OL17844686W
Über das Ende der Zeit,Josef Pieper,1950,https://openlibrary.org/works/OL112227W
Evil and the God of love,John Harwood Hick,1966,https://openlibrary.org/works/OL3684486W
Talking back,bell hooks,1989,https://openlibrary.org/works/OL31121W
Let it snow,"John Green, Lauren Myracle, Maureen Johnson, Mariana Kohnert",2008,https://openlibrary.org/works/OL16071235W
Self-Love,"Robert Schuller, Robert Harold Schuller, R. Schuller",1920,https://openlibrary.org/works/OL8052510W
Purple Ronnie's Little Star Signs,Giles Andreae,2002,https://openlibrary.org/works/OL73218W
8 Rules of Love,Jay Shetty,2023,https://openlibrary.org/works/OL28800651W
Destination Unknown,Katherine Applegate,2001,https://openlibrary.org/works/OL27785W
Letters To Philip,Charlie W. Shedd,1968,https://openlibrary.org/works/OL275521W
Austenland,Shannon Hale,2007,https://openlibrary.org/works/OL5738588W
Some men are more perfect than others,Merle Shain,1973,https://openlibrary.org/works/OL4652514W
A don't sweat the small stuff treasury,Richard Carlson,1999,https://openlibrary.org/works/OL57950W
The Happiness Hypothesis,Jonathan Haidt,2005,https://openlibrary.org/works/OL5829273W
Sydney Omarr's Day-by-day Astrological Guide For The New Millenium,Sydney Omarr,1999,https://openlibrary.org/works/OL69493W
Sydney Omarr's Day-by-Day Astrological Guide for the New Millennium,Sydney Omarr,2000,https://openlibrary.org/works/OL69494W
Sydney Omarr's Day-by-Day Astrological Guide for the Year 2002,Sydney Omarr,2001,https://openlibrary.org/works/OL69495W
Sydney Omarr's Day-by-Day Astrological Guide for the Year 2003,Sydney Omarr,2002,https://openlibrary.org/works/OL69496W
Missing sisters,Gregory Maguire,1994,https://openlibrary.org/works/OL66223W
Novels (Jane Eyre / Tenant of Wildfell Hall / Wuthering Heights),"Anne Brontë, Charlotte Brontë, Emily Brontë",1982,https://openlibrary.org/works/OL1095378W
A Shine of Rainbows,Lillian Beckwith,1984,https://openlibrary.org/works/OL10591088W
Let's Go Home,"Martin Waddell, Barbara Firth",1991,https://openlibrary.org/works/OL114195W
That Summer Place,"Debbie Macomber, Susan Childress, Jill Barnett",1998,https://openlibrary.org/works/OL14905635W
Life,Mal Peet,2011,https://openlibrary.org/works/OL16341255W
A possible life,Sebastian Faulks,2012,https://openlibrary.org/works/OL16645977W
Two Boys Kissing,David Levithan,2013,https://openlibrary.org/works/OL16807251W
Afterworlds,Scott Westerfeld,1887,https://openlibrary.org/works/OL17062741W
The Raven King,Maggie Stiefvater,2016,https://openlibrary.org/works/OL17357734W
My First Love and Other Disasters,Francine Pascal,1979,https://openlibrary.org/works/OL3933219W
The nature of love,Irving Singer,1966,https://openlibrary.org/works/OL1872193W
Killing me softly,Nicci French,1999,https://openlibrary.org/works/OL486656W
The secret life of squirrels,Nancy Rose,2014,https://openlibrary.org/works/OL19752490W
The Selection Stories,Kiera Cass,2014,https://openlibrary.org/works/OL17822206W
Tales from a NOT-SO-Secret Crush Catastrophe,Rachel Renée Russell,2017,https://openlibrary.org/works/OL17812662W
The Octoroon,Dion Boucicault,2014,https://openlibrary.org/works/OL20571132W
"Heartstopper, Volume 2",Alice Oseman,2019,https://openlibrary.org/works/OL20354499W
"Living, loving & learning",Leo F. Buscaglia,1982,https://openlibrary.org/works/OL3487856W
Amour et l'occident,"Rougemont, Denis de",1940,https://openlibrary.org/works/OL1452653W
The Ragamuffin Gospel,Brennan Manning,1990,https://openlibrary.org/works/OL2422261W
Love and will,Rollo May,1969,https://openlibrary.org/works/OL3955363W
The Warning,Katherine Applegate,1998,https://openlibrary.org/works/OL27827W
Destiny Rising,Lisa Jane Smith,2012,https://openlibrary.org/works/OL17436149W
Being in Love,Judith Pickering,2008,https://openlibrary.org/works/OL9351853W
I Love You So Much,Carl Norac,1997,https://openlibrary.org/works/OL29934W
Discover the Destroyer,Katherine Applegate,2000,https://openlibrary.org/works/OL27794W
Love and sex after sixty,Robert N. Butler,1976,https://openlibrary.org/works/OL2703763W
Nick & Norah's Infinite Playlist,"Rachel Cohn, David Levithan",2006,https://openlibrary.org/works/OL5720633W
Toll the hounds,Steven Erikson,2008,https://openlibrary.org/works/OL5734768W
Leaping Beauty,Gregory Maguire,2004,https://openlibrary.org/works/OL66207W
Make Her Chase You,Darcy Carter,2018,https://openlibrary.org/works/OL26127876W
The divine imperative,Emil Brunner,1937,https://openlibrary.org/works/OL1345192W
Loving each other,Leo F. Buscaglia,1984,https://openlibrary.org/works/OL3487855W
How Beautiful the Ordinary,"Michael Cart, Francesca Lia Block, Jennifer Finney Boylan, Emma Donoghue, Ron Koertge",2009,https://openlibrary.org/works/OL15171356W
Bellefleur,Joyce Carol Oates,1980,https://openlibrary.org/works/OL14958460W
Will you still love me?,Carol Roth,2010,https://openlibrary.org/works/OL15061018W
Hints for Lovers,Arnold Haultain,1909,https://openlibrary.org/works/OL172806W
If I Was Your Girl,Meredith Russo,2016,https://openlibrary.org/works/OL17357733W
We Were Liars,E. Lockhart,2014,https://openlibrary.org/works/OL17071448W
Kama Sutra of Vatsyayana,Vatsyāyana,2010,https://openlibrary.org/works/OL39682439W
In the Meantime,Iyanla Vanzant,1998,https://openlibrary.org/works/OL42012W
Yesterday I Cried,Iyanla Vanzant,1999,https://openlibrary.org/works/OL42013W
Drams are not enough,Jacqueline Briskin,1987,https://openlibrary.org/works/OL3286290W
"Naked Heart, The",Jacqueline Briskin,1988,https://openlibrary.org/works/OL3286299W
Black and blue,Anna Quindlen,1998,https://openlibrary.org/works/OL1902530W
Leviathan Falls,James S. A. Corey,2021,https://openlibrary.org/works/OL21704818W
Nick and Charlie,Alice Oseman,2015,https://openlibrary.org/works/OL21679956W
"Always and Forever, Lara Jean",Jenny Han,2017,https://openlibrary.org/works/OL19666031W
Five Feet Apart,Rachael Lippincott,2018,https://openlibrary.org/works/OL18199566W
This Strange New Feeling,Julius Lester,1981,https://openlibrary.org/works/OL1814475W
Bone Harvest (Claire Watkins),Mary Logue,2004,https://openlibrary.org/works/OL17746W
A Dangerous Woman,Mary McGarry Morris,1991,https://openlibrary.org/works/OL551548W
The Ballad of Never After,Stephanie Garber,2022,https://openlibrary.org/works/OL27090610W
Divine Providence,Emanuel Swedenborg,1900,https://openlibrary.org/works/OL33557W
The Nobodies,N. E. Bode,2005,https://openlibrary.org/works/OL5717882W
The Girl from the Sea,Lee Knox Ostertag,2021,https://openlibrary.org/works/OL24356507W
Journey of the heart,John Welwood,1990,https://openlibrary.org/works/OL15859441W
The Red Scrolls of Magic,"Wesley Chu, Cassandra Clare",2019,https://openlibrary.org/works/OL20480768W
Divine conquest,A. W. Tozer,1950,https://openlibrary.org/works/OL544639W
Dialoghi di amore,León Hebreo,1545,https://openlibrary.org/works/OL3649434W
Black looks,bell hooks,1992,https://openlibrary.org/works/OL31112W
All About Love,bell hooks,2000,https://openlibrary.org/works/OL31111W
How to Be Both,"Ali Smith, Ali Smith",2014,https://openlibrary.org/works/OL17063057W
Is it love or is it addiction?,Brenda Schaeffer,1987,https://openlibrary.org/works/OL2695391W
A Love Worth Giving,Max Lucado,2002,https://openlibrary.org/works/OL57152W
Linda Goodman's Love Signs,Linda Goodman,1980,https://openlibrary.org/works/OL4791469W
Seven Spiders Spinning,Gregory Maguire,1994,https://openlibrary.org/works/OL66211W
Six Haunted Hairdos,Gregory Maguire,1997,https://openlibrary.org/works/OL66212W
Love,Leo F. Buscaglia,1972,https://openlibrary.org/works/OL3487854W
2 states,Chetan Bhagat,2009,https://openlibrary.org/works/OL15029319W
Ash,Malinda Lo,2009,https://openlibrary.org/works/OL13804760W
Kristna kärlekstanken,Anders Nygren,1930,https://openlibrary.org/works/OL1148346W
The dressmaker,Kate Alcott,1960,https://openlibrary.org/works/OL16240431W
The creator and the creature,Frederick William Faber,1857,https://openlibrary.org/works/OL1455988W
Coming Apart,Daphne Rose Kingma,1987,https://openlibrary.org/works/OL41778W
"""More more more"" said the baby",Vera B. Williams,1990,https://openlibrary.org/works/OL3243592W
Anastasia at This Address,Lois Lowry,1991,https://openlibrary.org/works/OL1846048W
Huntress,Lisa Jane Smith,1997,https://openlibrary.org/works/OL4444213W
"Love, power, and justice",Paul Tillich,1953,https://openlibrary.org/works/OL450628W
Miki Falls - Autumn #3,Mark Crilley,2007,https://openlibrary.org/works/OL456828W
Seventeenth Summer,Maureen Daly,1942,https://openlibrary.org/works/OL4774193W
The Darkest Part of the Forest,Holly Black,2015,https://openlibrary.org/works/OL19352271W
"Love, medicine and miracles",Bernie S. Siegel,1986,https://openlibrary.org/works/OL1959686W
The Reasons of Love,Harry G. Frankfurt,2004,https://openlibrary.org/works/OL1829523W
Mating intelligence,"Glenn Geher, Geoffrey Miller",2007,https://openlibrary.org/works/OL18205947W
"Heartstopper, Volume 3",Alice Oseman,2020,https://openlibrary.org/works/OL20736929W
10 Blind Dates,"Ashley Elston, M. Dolors Ventós Navés, Victoria Simó Perales",2019,https://openlibrary.org/works/OL20410754W
The Circle,Laura Day,2001,https://openlibrary.org/works/OL78682W
The road less travelled,M. Scott Peck,1978,https://openlibrary.org/works/OL2868913W
The will to change,"bell hooks, Javier Saez, Marta Pera Cucurell",2004,https://openlibrary.org/works/OL31119W
Sisters of the Yam,Bell Hooks,1993,https://openlibrary.org/works/OL31124W
Reel to real,Bell Hooks,1996,https://openlibrary.org/works/OL31108W
Hinführung zu Thomas von Aquin,Josef Pieper,1958,https://openlibrary.org/works/OL112226W
The Conspiracy,Katherine Applegate,1999,https://openlibrary.org/works/OL27784W
The Candy Smash,Jacqueline Davies,2013,https://openlibrary.org/works/OL19354262W
Love Is Walking Hand in Hand,Charles M. Schulz,1965,https://openlibrary.org/works/OL25887W
The Arrival,Katherine Applegate,2000,https://openlibrary.org/works/OL27774W
Sharing Sam,Katherine Applegate,1995,https://openlibrary.org/works/OL27838W
Creative Intimacy,Jerry Greenwald,1977,https://openlibrary.org/works/OL9194583W
Love is a Sweet Chain,James R. Martel,2001,https://openlibrary.org/works/OL8104404W
Twin of fire,Jude Deveraux,1985,https://openlibrary.org/works/OL810224W
Giraffes can't dance,Giles Andreae,1999,https://openlibrary.org/works/OL73217W
Getting the love you want,Harville Hendrix,1988,https://openlibrary.org/works/OL2998757W
Feeding the Hungry Heart,Geneen Roth,1982,https://openlibrary.org/works/OL2723935W
Nowhere Land,Katherine Applegate,2001,https://openlibrary.org/works/OL27807W
Ben's In Love,Katherine Applegate,1994,https://openlibrary.org/works/OL27779W
Zoey Fools Around,Katherine Applegate,1994,https://openlibrary.org/works/OL27832W
When a young man falls in love,Vincent J. Rosivach,1998,https://openlibrary.org/works/OL2722345W
Thương yêu theo phương pháp bụt dạy,Thích Nhất Hạnh,1996,https://openlibrary.org/works/OL263661W
Συμπόσιον / Φαῖδρος,Πλάτων,1993,https://openlibrary.org/works/OL51851W
The subversive family,"Ferdinand Mount, Ferdinand Mount",1982,https://openlibrary.org/works/OL2427719W
Either/or,Elif Batuman,2022,https://openlibrary.org/works/OL25808022W
Five Tuesdays in Winter,Lily King,2021,https://openlibrary.org/works/OL24510794W
Love Between Men,Rik Isensee,1990,https://openlibrary.org/works/OL2672641W
Feux,Marguerite Yourcenar,1973,https://openlibrary.org/works/OL106872W
The ways and power of love,"Pitirim Aleksandrovich Sorokin, Pitirim Aleksandrovich Sorokin",1954,https://openlibrary.org/works/OL1319977W
Sept Visages De L'Amour,André Maurois,1944,https://openlibrary.org/works/OL11311364W
The love-game comedy,David L. Stevenson,1946,https://openlibrary.org/works/OL1226838W
Getting from here to there,Sheldon Bach,2004,https://openlibrary.org/works/OL3464912W
Love in Ancient Greece,Robert Flacelière,1962,https://openlibrary.org/works/OL3773743W
Star signs for lovers,Liz Greene,1980,https://openlibrary.org/works/OL108975W
The Origins,Lisa Jane Smith,2010,https://openlibrary.org/works/OL15621360W
The God box,Mary Lou Quinlan,2012,https://openlibrary.org/works/OL16717908W
Aphrodite the diva,"Joan Holub, Suzanne Williams",2011,https://openlibrary.org/works/OL16322133W
The Left Hand of God,William E. Barrett,1951,https://openlibrary.org/works/OL16312710W
Novels (Jane Eyre / Professor / Shirley / Villette / Wuthering Heights),"Charlotte Brontë, Emily Brontë",1975,https://openlibrary.org/works/OL14949561W
Soppy,Philippa Rice,2014,https://openlibrary.org/works/OL17359204W
In The Afterlight,Alexandra Bracken,2014,https://openlibrary.org/works/OL17074143W
The Moon by Night (Austin Family),Madeleine L'Engle,1963,https://openlibrary.org/works/OL41456W
Sapientia angelica de divino amore,Emanuel Swedenborg,1788,https://openlibrary.org/works/OL33567W
The delights of wisdom pertaining to conjugial love,Emanuel Swedenborg,1885,https://openlibrary.org/works/OL33553W
Every woman's book,Richard Carlile,1825,https://openlibrary.org/works/OL3212059W
The Birth of Pleasure,Carol Gilligan,2002,https://openlibrary.org/works/OL3412261W
Love in the Age of the Internet,Linda Cundy,2014,https://openlibrary.org/works/OL21263373W
Philosophy of Sex and Love,Patricia Marino,2018,https://openlibrary.org/works/OL21331394W
Love and Survival,Dean Ornish,1998,https://openlibrary.org/works/OL1912933W
Finding my way home,Henri J. M. Nouwen,2001,https://openlibrary.org/works/OL1913400W
Forgiving,LaVyrle Spencer,1991,https://openlibrary.org/works/OL1860301W
Birthday,Meredith Russo,2019,https://openlibrary.org/works/OL20157236W
The effect,Lucy Prebble,2012,https://openlibrary.org/works/OL20058094W
Vampire knight,樋野 まつり,2005,https://openlibrary.org/works/OL19984919W
Reawakened,Colleen Houck,2015,https://openlibrary.org/works/OL19630898W
April's kittens,Clare Turlay Newberry,1940,https://openlibrary.org/works/OL2030291W
Dark coulee,Mary Logue,2000,https://openlibrary.org/works/OL17740W
Freckles,Gene Stratton-Porter,1904,https://openlibrary.org/works/OL17758792W
How to love,Katie Cotugno,2013,https://openlibrary.org/works/OL18181860W
Pennington's Seventeenth Summer (Handi-read),K. M. Peyton,1970,https://openlibrary.org/works/OL1850142W
Love and Loss in Life and in Treatment,Linda B. Sherby,2013,https://openlibrary.org/works/OL21028112W
Rewriting the Rules,Meg-John Barker,2018,https://openlibrary.org/works/OL20592582W
Bingo Brown's guide to romance,Betsy Cromer Byars,1992,https://openlibrary.org/works/OL470558W
Love of Seven Dolls,Paul Gallico,1954,https://openlibrary.org/works/OL4134121W
Surpassing the Love of Men,Lillian Faderman,1981,https://openlibrary.org/works/OL578925W
L' amour et l'Occident,"Rougemont, Denis de",1939,https://openlibrary.org/works/OL1452652W
The dot & the line,Norton Juster,1963,https://openlibrary.org/works/OL16071962W
Breaking bread,"Bell Hooks, Cornel West",1991,https://openlibrary.org/works/OL31114W
The Agony of Eros,Byung-Chul Han,2012,https://openlibrary.org/works/OL20228484W
Primary love and psycho-analytic technique,Michael Balint,1952,https://openlibrary.org/works/OL4282203W
طوق الحمامة في الألفة,"ʻAlī ibn Aḥmad Ibn Ḥazm, ابن حزم",1960,https://openlibrary.org/works/OL1068618W
Sex in human loving,Eric Berne,1970,https://openlibrary.org/works/OL1593563W
¿Amar o depender?,Walter Riso,1999,https://openlibrary.org/works/OL5995979W
Liebe und Hass,Irenäus Eibl-Eibesfeldt,1970,https://openlibrary.org/works/OL2957349W
The Attack,Katherine Applegate,1999,https://openlibrary.org/works/OL27775W
Pasiones,Rosa Montero,1999,https://openlibrary.org/works/OL991960W
The Separation,Katherine Applegate,1999,https://openlibrary.org/works/OL27815W
The Proposal,Katherine Applegate,1999,https://openlibrary.org/works/OL27810W
History Is All You Left Me,"Adam Silvera, Becky Albertalli",2017,https://openlibrary.org/works/OL18008837W
Achingly Alice,Phyllis Reynolds Naylor,1998,https://openlibrary.org/works/OL13471W
"The Luxe (Luxe Series, Book 1)",Anna Godbersen,2007,https://openlibrary.org/works/OL278587W
Married love,Marie Charlotte Carmichael Stopes,1918,https://openlibrary.org/works/OL9026716W
Hourglass,Claudia Gray,2010,https://openlibrary.org/works/OL9302610W
Generation Ex,Jen Abbas,2004,https://openlibrary.org/works/OL8927803W
My Heart Is a Magic House,Julie Jacobs,2007,https://openlibrary.org/works/OL9592001W
The Greatest Thing in the World And Other Addresses,Henry Drummond,1900,https://openlibrary.org/works/OL8379724W
The lover's lexicon,"Greenwood, Frederick",1893,https://openlibrary.org/works/OL7865879W
Some Irish Loving,Edna O’Brien,1979,https://openlibrary.org/works/OL69249W
A Course in Love,Joan M. Gattuso,1996,https://openlibrary.org/works/OL2700324W
Spenser for Children [Stories from the Faerie Queene],M. H. Towry,1885,https://openlibrary.org/works/OL28483417W
"I love you sun, I love you moon","Karen Pandell, Tomie dePaola",1994,https://openlibrary.org/works/OL28802W
Prescription for living,Rúḥíyyih Rabbānī.,1950,https://openlibrary.org/works/OL3044069W
Depression Fallout,Anne Sheffield,2003,https://openlibrary.org/works/OL2728414W
Light His Fire,Ellen Kreidman,1989,https://openlibrary.org/works/OL2743920W
Claire Gets Caught,Katherine Applegate,1994,https://openlibrary.org/works/OL27782W
Nina Won't Tell,Katherine Applegate,1994,https://openlibrary.org/works/OL27805W
"She loves me, she loves me not",Robert Keeshan,1963,https://openlibrary.org/works/OL2929302W
As night falls,S. K. McClafferty,2002,https://openlibrary.org/works/OL5803833W
Guitar girl,Sarra Manning,2003,https://openlibrary.org/works/OL5755639W
Having it all,Helen Gurley Brown,1982,https://openlibrary.org/works/OL504704W
Four stupid cupids,Gregory Maguire,2000,https://openlibrary.org/works/OL66204W
Primitive love and love-stories,Henry Theophilus Finck,1889,https://openlibrary.org/works/OL6610560W
The leaven of love,Izette De Forest,1954,https://openlibrary.org/works/OL5352575W
The Tadpole's Promise,"Jeanne Willis, Tony Ross",2003,https://openlibrary.org/works/OL501100W
Fénelon,François de Salignac de La Mothe-Fénelon,1923,https://openlibrary.org/works/OL781457W
The Archbishop of Cambray's dissertation on pure love,François de Salignac de La Mothe-Fénelon,1738,https://openlibrary.org/works/OL781464W
Why Love Matters,Sue Gerhardt,2003,https://openlibrary.org/works/OL25153130W
Very Large Expanse of Sea,Tahereh Mafi,2018,https://openlibrary.org/works/OL26337892W
"Cognition, Communication and Romantic Relationships","James Honeycutt, James G. Cantrill",2000,https://openlibrary.org/works/OL25079452W
Our faith,Emil Brunner,1936,https://openlibrary.org/works/OL1345189W
Glück und Kontemplation,Josef Pieper,1957,https://openlibrary.org/works/OL112225W
New Year's Eve,Caroline B. Cooney,1988,https://openlibrary.org/works/OL12396W
The celestial sexpot's handbook,"Karen Tom, Kiki T., Astrosexologist Kiki T.",2007,https://openlibrary.org/works/OL12278045W
He came down from heaven,Charles Williams,1938,https://openlibrary.org/works/OL1155790W
Λύσις / Συμπόσιον / Φαῖδρος,Πλάτων,1968,https://openlibrary.org/works/OL380108W
The awakened heart,Gerald G. May,1991,https://openlibrary.org/works/OL3902917W
How to avoid love and marriage (first r backwards),"Dan Greenburg, Suzanne O'Malley",1983,https://openlibrary.org/works/OL14865153W
Starry Night,Martin Waddell,1986,https://openlibrary.org/works/OL114187W
Bloodlust,Lisa Jane Smith,2011,https://openlibrary.org/works/OL15621470W
Rescue Your Love Life,"Henry Cloud, John Sims Townsend",2005,https://openlibrary.org/works/OL14934887W
"Philosophy of love, sex, and marriage",Raja Halwani,2010,https://openlibrary.org/works/OL15452162W
The Arrangement,Mary Balogh,2013,https://openlibrary.org/works/OL16817473W
There is no dog,"Meg Rosoff, Rosoff M",2011,https://openlibrary.org/works/OL16451674W
Moonsong,Lisa Jane Smith,2012,https://openlibrary.org/works/OL16574033W
The Sight,David Clement-Davies,2002,https://openlibrary.org/works/OL15845132W
Teenage Mermaid,Ellen Schreiber,2003,https://openlibrary.org/works/OL15833536W
Snuggle Puppy,Sandra Boynton,2003,https://openlibrary.org/works/OL1738486W
Love,Tony Milligan,2011,https://openlibrary.org/works/OL17385970W
The Summer I Found You,Jolene Perry,2014,https://openlibrary.org/works/OL16810213W
Love or greatness,Roslyn Wallach Bologh,1990,https://openlibrary.org/works/OL4208026W
Zazoo,Richard Mosher,2001,https://openlibrary.org/works/OL3256636W
Demystifying Love,Stephen B. Levine,2013,https://openlibrary.org/works/OL21245382W
Love and Therapy,"Divine Charura, Stephen Paul",2015,https://openlibrary.org/works/OL21273413W
Rainy Day Kisses,Debbie Macomber,1990,https://openlibrary.org/works/OL1911477W
The nature of love,Irving Singer,1966,https://openlibrary.org/works/OL18527197W
Your Voice in My Head,Emma Forrest,2011,https://openlibrary.org/works/OL20441027W
Lovetypes,Alexander Avila,1999,https://openlibrary.org/works/OL1985818W
Love and Limerance,Dorothy Tennov,1979,https://openlibrary.org/works/OL1990951W
"Excuse Me, Your Life Is Waiting",Lynn Grabhorn,1999,https://openlibrary.org/works/OL4279423W
Acts of faith,Iyanla Vanzant,1993,https://openlibrary.org/works/OL42011W
The body at war,John M. Dwyer,1988,https://openlibrary.org/works/OL4641645W
L' amore dell'eterna sapienza,St. Louis De Montfort,1943,https://openlibrary.org/works/OL4995403W
You know me well,Nina LaCour,2001,https://openlibrary.org/works/OL20028581W
This shattered world,"Amie Kaufman, Meagan Spooner",2014,https://openlibrary.org/works/OL19989433W
Every Hidden Thing,Kenneth Oppel,2016,https://openlibrary.org/works/OL19356018W
Someday,David Levithan,2015,https://openlibrary.org/works/OL19755111W
A Wrinkle In Time,Hope Larson,2007,https://openlibrary.org/works/OL19360587W
Anything We Love Can Be Saved,Alice Walker,1997,https://openlibrary.org/works/OL1815817W
One wish,Robyn Carr,2015,https://openlibrary.org/works/OL17804288W
Just Your Type,"Paul D. Tieger, Barbara Barron-Tieger",2000,https://openlibrary.org/works/OL17758169W
The Flowers of Evil,押見修造,2012,https://openlibrary.org/works/OL17460204W
Amoris Laetitia,"Pope Francis, Pape Francis, CERF",2015,https://openlibrary.org/works/OL17333292W
Rebels By Accident,Patricia Dunn,2012,https://openlibrary.org/works/OL17445041W
Flambards Divided,K. M. Peyton,1981,https://openlibrary.org/works/OL1850169W
Love and other emotions,Jason W. Brown,2012,https://openlibrary.org/works/OL20955059W
The Butterfly Tattoo,Philip Pullman,1998,https://openlibrary.org/works/OL20699536W
Anna K,Jenny Lee,2020,https://openlibrary.org/works/OL20651927W
On Becoming a Family,T. Berry Brazelton,1980,https://openlibrary.org/works/OL3251958W
If You Could Be Mine,Sara Farizan,2013,https://openlibrary.org/works/OL17582766W
Tell Me Again How a Crush Should Feel,Sara Farizan,2014,https://openlibrary.org/works/OL18008838W
Pax vobiscum,Henry Drummond,1890,https://openlibrary.org/works/OL1793939W
Plymouth pulpit,Henry Ward Beecher,1869,https://openlibrary.org/works/OL906852W
How does it feel to be old?,Norma Farber,1979,https://openlibrary.org/works/OL2654880W
L' amour,Jules Michelet,1858,https://openlibrary.org/works/OL1262818W
Il corbaccio,Giovanni Boccaccio,1569,https://openlibrary.org/works/OL7180613W
Belonging,Bell Hooks,2008,https://openlibrary.org/works/OL31104W
L'amour au dix-huitième siècle,"Edmond de Goncourt, Jules de Goncourt",1875,https://openlibrary.org/works/OL74836W
"Love, marriage, and divorce, and the sovereignty of the individual",Stephen Pearl Andrews,1853,https://openlibrary.org/works/OL1512987W
Hold Me Tight,Sue Johnson,2008,https://openlibrary.org/works/OL7909038W
Of Love and Lust,Theodor Reik,1957,https://openlibrary.org/works/OL5354735W
The Hork-Bajir Chronicles,Katherine Applegate,1998,https://openlibrary.org/works/OL27793W
Labyrinth of Desire,Rosemary Sullivan,2001,https://openlibrary.org/works/OL2255332W
The Solution,Katherine Applegate,1998,https://openlibrary.org/works/OL27817W
The Weakness,Katherine Applegate,2000,https://openlibrary.org/works/OL27828W
Ensnared,A. G. Howard,2015,https://openlibrary.org/works/OL19634080W
Gypsy Magic,Barbara Cartland,1983,https://openlibrary.org/works/OL134950W
Fiendish,Brenna Yovanoff,2013,https://openlibrary.org/works/OL19983617W
The Tightrope Walkers,"David Almond, Richard Halverson",2014,https://openlibrary.org/works/OL20475050W
Mary Anne vs. Logan. (Baby-Sitters Club no.041),Ann M. Martin,1987,https://openlibrary.org/works/OL818073W
Mrs. Mike,"Benedict Freedman, Nancy Freedman",1947,https://openlibrary.org/works/OL6213550W
The rainmaker,N. Richard Nash,1954,https://openlibrary.org/works/OL3240510W
The Test,Katherine Applegate,2000,https://openlibrary.org/works/OL27822W
P. S. I Love You,"H. Jackson Brown, Jr.",1990,https://openlibrary.org/works/OL8855816W
La vita nuova (The new life),"Dante Alighieri, Stanley Appelbaum",1900,https://openlibrary.org/works/OL93122W
Caillou,Christine L'Heureux,2000,https://openlibrary.org/works/OL9050309W
Philosophy and Love,Linnell Secomb,2007,https://openlibrary.org/works/OL9357449W
The Mating Game,Pamela C. Regan,2002,https://openlibrary.org/works/OL7961712W
Revolutions of the Heart,Wendy Langford,1999,https://openlibrary.org/works/OL8022896W
Kierkegaard and the Treachery of Love,Amy Laura Hall,2002,https://openlibrary.org/works/OL8327111W
Something to Remember Me by,Susan V. Bosak,1997,https://openlibrary.org/works/OL8139819W
Gay astrology,Michael Yawney,2001,https://openlibrary.org/works/OL8136162W
1001 Ways to Be Romantic,Gregory J. P. Godek,1991,https://openlibrary.org/works/OL8423603W
Beauty and the Beast,"Louie Stowell, Victor Tavares",2006,https://openlibrary.org/works/OL8377906W
Liebe und Ethik,Ellen Key,1909,https://openlibrary.org/works/OL2859914W
Getting naked again,Judith Sills,2009,https://openlibrary.org/works/OL2968072W
Front Porch Tales,Philip Gulley,1997,https://openlibrary.org/works/OL2738461W
Jake finds out,Katherine Applegate,1994,https://openlibrary.org/works/OL27795W
Before I Let Go,Kennedy Ryan,2022,https://openlibrary.org/works/OL27850288W
Lucas Gets Hurt,Katherine Applegate,1994,https://openlibrary.org/works/OL27800W
Understand the Unknown,Katherine Applegate,2000,https://openlibrary.org/works/OL27824W
Vindication of Love,Cristina Nehring,2009,https://openlibrary.org/works/OL26529133W
"How They Met, and Other Stories",David Levithan,2008,https://openlibrary.org/works/OL5736981W
Universalism vindicated,John Murray,1797,https://openlibrary.org/works/OL5948747W
So Many Bunnies,Rick Walton,1998,https://openlibrary.org/works/OL57688W
Love Is..,Kim Casali,1971,https://openlibrary.org/works/OL5007316W
Enhet,Ninni Holmqvist,2006,https://openlibrary.org/works/OL6059422W
Five alien elves,Gregory Maguire,1673,https://openlibrary.org/works/OL66202W
Amor Dei,John Burnaby,1938,https://openlibrary.org/works/OL6723888W
His own where,"June Jordan, Sapphire",1971,https://openlibrary.org/works/OL696171W
Josephine and the soldier,Beverly Jenkins,2003,https://openlibrary.org/works/OL553678W
The ability to love,Allan Fromme,1965,https://openlibrary.org/works/OL5363127W
Ceremony of the Innocent,Taylor Caldwell,1976,https://openlibrary.org/works/OL5362107W
Andreae Capellani regii Francorum De amore libri tres,Andreas Capellanus,1892,https://openlibrary.org/works/OL4925623W
"Mama, do you love me?",Barbara M. Joosse,1991,https://openlibrary.org/works/OL547320W
Married love,Marie Charlotte Carmichael Stopes,1918,https://openlibrary.org/works/OL53804W
Social Nature of Persons,A. P. Tom Ormay,2012,https://openlibrary.org/works/OL25161547W
Lost & Found,Kathryn Schulz,2022,https://openlibrary.org/works/OL24412347W
"Cupid's yokes, or, The binding forces of conjugal life",Ezra H. Heywood,1876,https://openlibrary.org/works/OL2513084W
My Man Blue,"Nikki Grimes, Jerome LaGarrigue",1999,https://openlibrary.org/works/OL103725W
An anthology of the love of God,Evelyn Underhill,1953,https://openlibrary.org/works/OL1101620W
De amore libri tres,Andreas Capellanus,1930,https://openlibrary.org/works/OL10362639W
Webster J. Duck,Martin Waddell,2001,https://openlibrary.org/works/OL114203W
Sukey and the Mermaid,Robert D. San Souci,1992,https://openlibrary.org/works/OL116638W
A bruxa de Monte Córdova,Camilo Castelo Branco,1867,https://openlibrary.org/works/OL1246422W
Über das glück und die liebe,Emil Ludwig,1940,https://openlibrary.org/works/OL1159292W
Meet M & M,"Pat Ross, Marilyn Hafner",1980,https://openlibrary.org/works/OL114955W
Child of the Dawn,"Clare Coleman, M. Coleman Easton",1994,https://openlibrary.org/works/OL3579019W
Remedios Para El Desamor,Enrique Rojas,1990,https://openlibrary.org/works/OL3765633W
"To Love, Honour & Betray",Penny Jordan,1998,https://openlibrary.org/works/OL3759238W
The Pig in the Pond,Martin Waddell,1992,https://openlibrary.org/works/OL114205W
Well Done,"Martin Waddell, Barbara Firth",1999,https://openlibrary.org/works/OL114190W
The divine love and wisdom,Emanuel Swedenborg,1900,https://openlibrary.org/works/OL15337792W
Plato's Symposium,Stanley Rosen,1968,https://openlibrary.org/works/OL15165W
The Secret Language of Relationships,Gary Goldschneider,1997,https://openlibrary.org/works/OL14985961W
Love songs of the little bear,Margaret Wise Brown,2001,https://openlibrary.org/works/OL15047361W
Guess How Much I Love You in the Summer,"Sam McBratney, Anita Jeram",2007,https://openlibrary.org/works/OL15283783W
Love,Simon May,2011,https://openlibrary.org/works/OL16212244W
Love and its place in nature,Jonathan Lear,1990,https://openlibrary.org/works/OL15843896W
Through to you,Emily Hainsworth,2012,https://openlibrary.org/works/OL16585148W
Dying to know you,Aidan Chambers,2012,https://openlibrary.org/works/OL16546768W
Love : bondage or liberation?,Deirdre Johnson,2010,https://openlibrary.org/works/OL15989042W
The Dialogues of Plato / The Seventh Letter,Πλάτων,1952,https://openlibrary.org/works/OL15100036W
Bartlett's words for the wedding,"Brett Fletcher Lauer, Aimee Kelley",2007,https://openlibrary.org/works/OL17026744W
Love In The Time Of Global Warming,Francesca Lia Block,2013,https://openlibrary.org/works/OL17316793W
Kierkegaard on faith and love,Sharon Krishek,2009,https://openlibrary.org/works/OL16949671W
"Crash Into You (Pushing the Limits Series, Book 3)",Katie McGarry,2013,https://openlibrary.org/works/OL16810258W
God loves me Bible,Susan Elizabeth Beck,1993,https://openlibrary.org/works/OL3963294W
True Love,Daphne Rose Kingma,1991,https://openlibrary.org/works/OL41776W
Until Today!,Iyanla Vanzant,2000,https://openlibrary.org/works/OL42010W
The greatest thing in the world,Henry Drummond,1890,https://openlibrary.org/works/OL42469747W
The Enigmatic Rake,Anne O'Brien,2006,https://openlibrary.org/works/OL3100873W
"Lord, Let Me Love",Marjorie Holmes,1978,https://openlibrary.org/works/OL3289684W
Love is letting go of fear,Gerald G. Jampolsky,1979,https://openlibrary.org/works/OL3260772W
Love,Tom Inglis,2013,https://openlibrary.org/works/OL21247826W
More Lacanian Coordinates,Bogdan Wolf,2016,https://openlibrary.org/works/OL21273415W
The secret currency of love,Hilary Black,2009,https://openlibrary.org/works/OL18723628W
Place Like Home,Rosamunde Pilcher,2021,https://openlibrary.org/works/OL21703688W
Great Myths of Intimate Relationships,Matthew D. Johnson,2014,https://openlibrary.org/works/OL21594971W
Sublime,Christina Lauren,2014,https://openlibrary.org/works/OL21078348W
Sweet Sorrow,Alan B. Eppel,2009,https://openlibrary.org/works/OL21009425W
Strong and weak,Andy Crouch,2016,https://openlibrary.org/works/OL21176709W
The Tower Room,"Adele Geras, Adèle Geras",1992,https://openlibrary.org/works/OL4311790W
How do dinosaurs say I love you?,Jane Yolen,2009,https://openlibrary.org/works/OL441201W
Black Dawn,Lisa Jane Smith,1997,https://openlibrary.org/works/OL4444202W
Songs of seven,Jean Ingelow,1866,https://openlibrary.org/works/OL4875798W
Magic for Lovers,Kathleen McCormack,1985,https://openlibrary.org/works/OL460199W
I believe in a thing called love,Maurene Goo,2017,https://openlibrary.org/works/OL20057442W
Every last word,Tamara Ireland Stone,2015,https://openlibrary.org/works/OL20002259W
Tear you apart,Sarah Cross,2015,https://openlibrary.org/works/OL19992293W
Rebel of the sands,Alwyn Hamilton,2016,https://openlibrary.org/works/OL20021510W
Thwonk,Joan Bauer,1995,https://openlibrary.org/works/OL2000406W
"I love you, too!",Michael Foreman,2013,https://openlibrary.org/works/OL19979184W
Why Love Hurts: A Sociological Explanation,Eva Illouz,2012,https://openlibrary.org/works/OL19641750W
Love and loss,Colin Murray Parkes,2006,https://openlibrary.org/works/OL1926640W
Love secrets of the signs,Stacey Wolf,2002,https://openlibrary.org/works/OL1925753W
Roseblood,A. G. Howard,2017,https://openlibrary.org/works/OL19659812W
When we collided,Emery Lord,2016,https://openlibrary.org/works/OL19665045W
All Our Pretty Songs,Sarah McCarry,2013,https://openlibrary.org/works/OL19680663W
Ten Thousand Skies Above You,Claudia Gray,2015,https://openlibrary.org/works/OL17854638W
Hold Me Closer,David Levithan,2015,https://openlibrary.org/works/OL17824997W
The honeymoon's over,"Andrea Chapin, Sally Wofford-Girand",2007,https://openlibrary.org/works/OL17826259W
"Narcissa, or, The road to Rome",Laura Elizabeth Howe Richards,1894,https://openlibrary.org/works/OL1799035W
Poison Heart (Claire Watkins),Mary Logue,2005,https://openlibrary.org/works/OL17749W
Snowfall,K. M. Peyton,1994,https://openlibrary.org/works/OL1850163W
Love from The Very Hungry Caterpillar,Eric Carle,2015,https://openlibrary.org/works/OL20177861W
The truth,Neil Strauss,2015,https://openlibrary.org/works/OL20015445W
The Velveteen Rabbit,Margery Williams Bianco,2011,https://openlibrary.org/works/OL20084497W
The Erotic,Lou Andreas-Salomé,2012,https://openlibrary.org/works/OL20354374W
Barriers to Loving,Stephen B. Levine,2013,https://openlibrary.org/works/OL20366560W
Psychoanalysis Listening to Love,Simonetta Diena,2017,https://openlibrary.org/works/OL20557953W
Trans People in Love,"Tracie O'Keefe, Katrina Fox",2008,https://openlibrary.org/works/OL20793365W
Historia amoris,Edgar Saltus,1906,https://openlibrary.org/works/OL5684582W
An Anteater Named Arthur,Bernard Waber,1967,https://openlibrary.org/works/OL1815355W
Evergreen,Belva Plain,1978,https://openlibrary.org/works/OL10672947W
The Evolution of Love,Emil Lucka,1922,https://openlibrary.org/works/OL7590073W
Hachimitsu to kurōbā,羽海野チカ,2002,https://openlibrary.org/works/OL13752799W
Conscience et amour,Gabriel Madinier,1938,https://openlibrary.org/works/OL7257587W
Kissed by an Angel Collector's Edition,"Elizabeth Chandler, Elizabeth Chandler",1998,https://openlibrary.org/works/OL3012083W
Kissed by an Angel Collector's Edition,"Elizabeth Chandler, Elizabeth Chandler",1998,https://openlibrary.org/works/OL3012083W
Zoey plays games,Katherine Applegate,1996,https://openlibrary.org/works/OL27833W
Aspects of love in Western society,Suzanne Lilar,1965,https://openlibrary.org/works/OL1297655W
Neil Gaiman's How To Talk To Girls At Parties,"Neil Gaiman, Fábio Moon, Gabriel Ba",2013,https://openlibrary.org/works/OL19875934W
Glaubhaft ist nur Liebe,Hans Urs von Balthasar,1963,https://openlibrary.org/works/OL540582W
"If I asked you, would you stay?",Eve Bunting,1984,https://openlibrary.org/works/OL97602W
The Familiar,Katherine Applegate,2000,https://openlibrary.org/works/OL27788W
The Hidden,Katherine Applegate,2000,https://openlibrary.org/works/OL27792W
The Other,Katherine Applegate,2000,https://openlibrary.org/works/OL27809W
The Journey,Katherine Applegate,2000,https://openlibrary.org/works/OL27797W
Into The Garden,"Robert Hass, Mitchell, Stephen, Margaret Atwood, Steph Mitchel",1993,https://openlibrary.org/works/OL2200462W
I love you as big as the world,David Van Buren,2008,https://openlibrary.org/works/OL9839165W
Street Love,Walter Dean Myers,2006,https://openlibrary.org/works/OL98281W
Love Is My Favorite Thing,Emma Chichester Clark,2015,https://openlibrary.org/works/OL19775371W
Another day,David Levithan,2015,https://openlibrary.org/works/OL19671294W
Aisha Goes Wild,Katherine Applegate,1994,https://openlibrary.org/works/OL27835W
The Potion Diaries,Amy Alward,2015,https://openlibrary.org/works/OL17606342W
Dark Wind,Gordon Chaplin,1999,https://openlibrary.org/works/OL1996851W
Judicial whispers,Caro Fraser,1995,https://openlibrary.org/works/OL6221774W
Inseparables,Rachel Vail,2006,https://openlibrary.org/works/OL46038W
Candy,Kevin Brooks,2005,https://openlibrary.org/works/OL5824033W
Fearless Loving,Rhonda Britten,2003,https://openlibrary.org/works/OL5841410W
"Same Soul, Many Bodies",Brian L. Weiss,2004,https://openlibrary.org/works/OL70779W
The Magic Donkey Ride,"Giles Andreae, Vanessa Cabban, Hugh Laurie",2002,https://openlibrary.org/works/OL73210W
Oyayubihime Infinity,Toru Fujieda,2006,https://openlibrary.org/works/OL8699544W
That's Not My Teddy,Fiona Watt,1999,https://openlibrary.org/works/OL8117876W
Lola,Loufane,2003,https://openlibrary.org/works/OL9249787W
"I Love You, Too!",Eve Bunting,2004,https://openlibrary.org/works/OL97512W
Shakers,C. E. Sears,1867,https://openlibrary.org/works/OL906252W
A stranger for Christmas,Carol Lynn Pearson,1984,https://openlibrary.org/works/OL72881W
Love as a Collective Action,Adrian Scribano,2019,https://openlibrary.org/works/OL24500354W
Love,"Anna G. Jónasdóttir, Ann Ferguson",2013,https://openlibrary.org/works/OL25212532W
New Treasure,Lytton,2018,https://openlibrary.org/works/OL25222829W
Love and Its Vicissitudes,"André Green, Gregorio Kohon",2005,https://openlibrary.org/works/OL25201970W
Man and wife,Marc Oraison,1958,https://openlibrary.org/works/OL24445521W
Before Emotion,"Juanita Feros Ruys, Michael Champion, Kirk Essary",2019,https://openlibrary.org/works/OL25751334W
"Phenomenology of Sex, Love, and Intimacy",Susi Ferrarello,2019,https://openlibrary.org/works/OL25754951W
Love Justice and Autonomy,"Rachel Fedock, Michael Kühler, T. Raja Rosenhagen",2020,https://openlibrary.org/works/OL25763357W
Love and Loneliness at Work,"Brigitte Bonnerup, Annemette Hasselager",2019,https://openlibrary.org/works/OL25753923W
Straight from the Heart,Tami Hoag,1989,https://openlibrary.org/works/OL134441W
Room for a Little One,Martin Waddell,2004,https://openlibrary.org/works/OL114201W
Every Day I Love You More,Nancy Shulins,2001,https://openlibrary.org/works/OL29410877W
Me Without You,"Lisa Swerling, Ralph Lazar",2011,https://openlibrary.org/works/OL26539794W
Love Shack,Katherine Applegate,1993,https://openlibrary.org/works/OL27798W
ACT with Love,Russ Harris,2009,https://openlibrary.org/works/OL27433261W
Love and anger,Peter F. Cohen,1998,https://openlibrary.org/works/OL2753771W
Love That We Are,Uwa Hunwick,2012,https://openlibrary.org/works/OL27982576W
Loving people,"John Sims Townsend, John Townsend",2007,https://openlibrary.org/works/OL2958136W
Hiding from love,John Sims Townsend,1991,https://openlibrary.org/works/OL2958139W
The love affair as a work of art,Dan Hofstadter,1996,https://openlibrary.org/works/OL2974820W
Two Brown Bears,Martin Waddell,2002,https://openlibrary.org/works/OL28940W
Cultivating the Mind of Love,Thích Nhất Hạnh,1996,https://openlibrary.org/works/OL263652W
'Til death or distance do us part,"Frances Smith Foster, Frances Smith",2009,https://openlibrary.org/works/OL3944807W
How to break your addiction to a person,Howard Marvin Halpern,1982,https://openlibrary.org/works/OL3959630W
Passenger,Alexandra Bracken,2016,https://openlibrary.org/works/OL19665855W
The Routledge Handbook of Love in Philosophy,Adrienne M. Martin,2018,https://openlibrary.org/works/OL20592790W
Reunited,Colleen Houck,2016,https://openlibrary.org/works/OL19652575W
How to love,Gordon Livingston,2009,https://openlibrary.org/works/OL19929984W
Insecure in love,Leslie Becker-Phelps,2014,https://openlibrary.org/works/OL19984017W
Half a world away,Cynthia Kadohata,2014,https://openlibrary.org/works/OL19983505W
A quiet kind of thunder,Sara Barnard,2017,https://openlibrary.org/works/OL19731643W
"There, there",Sam McBratney,2013,https://openlibrary.org/works/OL19969838W
"Deliverance (Defiance Series, Book 3)",C. J. Redwine,2014,https://openlibrary.org/works/OL19985547W
Love and Sex in a New Relationship,Cate Campbell,2018,https://openlibrary.org/works/OL20178561W
Conspiracy of blood and smoke,Anne Blankman,2015,https://openlibrary.org/works/OL19998007W
The Love Dare Day by Day,"Stephen Kendrick, Alex Kendrick",2009,https://openlibrary.org/works/OL20369950W
Our chemical hearts,Krystal Sutherland,2016,https://openlibrary.org/works/OL20039481W
Bloom,"Kevin Panetta, Savanna Ganucheau",2019,https://openlibrary.org/works/OL20155012W
A Step Toward Falling,Cammie McGovern,2015,https://openlibrary.org/works/OL19349853W
Why We Love,Matt Lilley,2019,https://openlibrary.org/works/OL20744717W
A Networked Self and Love,Zizi Papacharissi,2018,https://openlibrary.org/works/OL20593884W
The Materiality of Love,"Anna Malinowska, Michael Gratzke",2017,https://openlibrary.org/works/OL20221508W
Intimacies and Cultural Change,"Daniel Nehring, Rosario Esteinou, Emmanuel Alvarado",2014,https://openlibrary.org/works/OL21260535W
Philosophical History of Love,Wayne Cristaudo,2012,https://openlibrary.org/works/OL21330094W
Depressive Love,Emma Engdahl,2018,https://openlibrary.org/works/OL21319194W
"Pannenberg on Evil, Love and God",Mark Hocknull,2014,https://openlibrary.org/works/OL21258870W
Contemporary Psychoanalysis and Modern Jewish Philosophy,Michael Oppenheim,2016,https://openlibrary.org/works/OL21307451W
Falling Out of Romantic Love,Crystal Wilhite Hemesath,2019,https://openlibrary.org/works/OL21629611W
Radicalism of Romantic Love,"Renata Grossi, David West",2017,https://openlibrary.org/works/OL21295510W
Myth and Philosophy in Plato's Phaedrus,Daniel S. Werner,2012,https://openlibrary.org/works/OL21074336W
Pedagogies and Politics of Liking,"Adam Greteman, Kevin J. Burke",2017,https://openlibrary.org/works/OL21150807W
Love and ethics,Ellen Key,1912,https://openlibrary.org/works/OL20080232W
"Love, Lucy",April Lindner,2015,https://openlibrary.org/works/OL19994083W
"Real love, right now",Kailen Rosenberg,2013,https://openlibrary.org/works/OL19967865W
"The Retribution of Mara Dyer (Mara Dyer Series, Book 3)",Michelle Hodkin,2014,https://openlibrary.org/works/OL19991542W
Famous in love,Rebecca Serle,2014,https://openlibrary.org/works/OL19987701W
Chemistry lessons,Meredith Goldstein,2018,https://openlibrary.org/works/OL19744480W
Masculinities Sexualities and Love,Aliraza Javaid,2018,https://openlibrary.org/works/OL21344765W
"Law, Religion and Love","Paul Babie, Vanja-Ivan Savić",2017,https://openlibrary.org/works/OL21311903W
Stealth Altruism,Arthur B. Shostak,2017,https://openlibrary.org/works/OL21148238W
Love and Intimacy in Contemporary Society,Ann Brooks,2019,https://openlibrary.org/works/OL21344761W
"Happy Valentine's Day, Charlie Brown!","Charles M. Schulz, Maggie Testa, Scott Jeralds",2015,https://openlibrary.org/works/OL19360699W
Teaching Religion and Literature,"Daniel Boscaljon, Alan Levinovitz",2018,https://openlibrary.org/works/OL21340902W
Weddings from the Heart,Daphne Rose Kingma,1991,https://openlibrary.org/works/OL41777W
Every Day I Pray,Iyanla Vanzant,2001,https://openlibrary.org/works/OL42009W
The Queen of Everything,Deb Caletti,2002,https://openlibrary.org/works/OL5718825W
Charlie Brown Valentine,"Justine Fontes, Ron Fontes",2002,https://openlibrary.org/works/OL15126196W
Splendor,Anna Godbersen,2009,https://openlibrary.org/works/OL18795236W
Leisure,Josef Pieper,1958,https://openlibrary.org/works/OL112221W
The complete dream book of love and relationships,Gillian Holloway,2010,https://openlibrary.org/works/OL18671116W
Getting over Garrett Delaney,Abby McDonald,2012,https://openlibrary.org/works/OL15991386W
Nancy & Nick,Caroline B. Cooney,1982,https://openlibrary.org/works/OL15955083W
Socrates on friendship and community,Mary P. Nichols,2008,https://openlibrary.org/works/OL1826723W
Evertrue,Brodi Ashton,2014,https://openlibrary.org/works/OL18165279W
Dangerous,Shannon Hale,2014,https://openlibrary.org/works/OL17349917W
"Faith, hope and charity",Henry Bars,1961,https://openlibrary.org/works/OL178595W
Mystic city,Theo Lawrence,2012,https://openlibrary.org/works/OL16607110W
"Dearly, beloved",Lia Habel,2012,https://openlibrary.org/works/OL16726406W
The lines we cross,Randa Abdel-Fattah,2017,https://openlibrary.org/works/OL20059078W
The Fury and Dark Reunion,Lisa Jane Smith,2007,https://openlibrary.org/works/OL4444212W
Love and Electronic Affection,Lindsay D. Grace,2020,https://openlibrary.org/works/OL20752026W
Finding God Through Sex,David Deida,2002,https://openlibrary.org/works/OL2680141W
The threshold of the visible world,Kaja Silverman,1996,https://openlibrary.org/works/OL1852036W
In Search of the Good Society,Malcolm McIntosh,2017,https://openlibrary.org/works/OL21310536W
Bones & All,Camille DeAngelis,2015,https://openlibrary.org/works/OL20000760W
Pulp,Robin Talley,2018,https://openlibrary.org/works/OL19763291W
Juliet immortal,Stacey Jay,2011,https://openlibrary.org/works/OL16132581W
"Broken Promises, Mended Hearts",Joel D. Block,2000,https://openlibrary.org/works/OL1972338W
Das Liebesleben in der Natur,Wilhelm Bölsche,1904,https://openlibrary.org/works/OL1464686W
Ṭawq al-ḥamāmah fī al-ulfah wa-al-ullāf,"ʻAlī ibn Aḥmad Ibn Ḥazm, Muḥammad Amīn Farshūkh",1950,https://openlibrary.org/works/OL43543957W
Grandma's Bill,Martin Waddell,1990,https://openlibrary.org/works/OL114200W
The Girl Who Invented Romance,Caroline B. Cooney,1988,https://openlibrary.org/works/OL12412W
Love signals,"David B. Givens, David Givens",1983,https://openlibrary.org/works/OL5595206W
The clown's grail,Wallace Fowlie,1948,https://openlibrary.org/works/OL1332956W
Love and Memory,Jamal Gabobe,1996,https://openlibrary.org/works/OL8903775W
"The seduction narrative in Britain, 1747-1800","Katherine Binhammer, Katherine Binhammer",2009,https://openlibrary.org/works/OL13062604W
A mother for Choco,Keiko Kasza,1992,https://openlibrary.org/works/OL1876525W
Ratirahasya,Alex Comfort,1964,https://openlibrary.org/works/OL343664W
The Lily and the Leopard,Susan Childress,1991,https://openlibrary.org/works/OL4778045W
Sexuality and the psychology of love,Sigmund Freud,1966,https://openlibrary.org/works/OL1069645W
The sexual relations of mankind,Paul Mantegazza,1935,https://openlibrary.org/works/OL4026102W
Transforming philosophy and religion,"Kim Akass, Bruce Ellis Benson, Norman Wirzba",2008,https://openlibrary.org/works/OL16940185W
Deep secrets,Carolyn Keene,1990,https://openlibrary.org/works/OL39111W
What Zoey saw,Katherine Applegate,1994,https://openlibrary.org/works/OL27829W
The Simple Gift,Steven Herrick,2000,https://openlibrary.org/works/OL788012W
Portrait in crime,Carolyn Keene,1990,https://openlibrary.org/works/OL39362W
When love dies,Kate William,1984,https://openlibrary.org/works/OL3551964W
Through time into healing,Brian L. Weiss,1992,https://openlibrary.org/works/OL70778W
Princess in Love,Meg Cabot,2002,https://openlibrary.org/works/OL492860W
Post Romantic Stress Disorder,"Bradshaw, John",2004,https://openlibrary.org/works/OL1645390W
Ehe,Dietrich Von Hildebrand,1942,https://openlibrary.org/works/OL1449452W
Love and Awakening,John Welwood,1996,https://openlibrary.org/works/OL2976887W
Betsy and Joe (Betsy-Tacy #8),"Maud Hart Lovelace, Vera Neville",1948,https://openlibrary.org/works/OL3469942W
Foul Play,Janet Evanovich,1989,https://openlibrary.org/works/OL8108755W
Man and woman,Dietrich Von Hildebrand,1965,https://openlibrary.org/works/OL1449453W
Odyssey of the Heart,John H. Harvey,1994,https://openlibrary.org/works/OL2003481W
Spellbinder,Lisa Jane Smith,1996,https://openlibrary.org/works/OL15553502W
The psychology of romantic love,Nathaniel Branden,1980,https://openlibrary.org/works/OL1835075W
Deliciae sapientiae de amore conjugiali,Emanuel Swedenborg,1794,https://openlibrary.org/works/OL33542W
Baby Booky,Mary Engelbreit,2002,https://openlibrary.org/works/OL526043W
Bion and Meltzer's Expeditions into Unmapped Mental Life,Avner Bergstein,2018,https://openlibrary.org/works/OL21341223W
Cowboy Dave,Frank V. Webster,1915,https://openlibrary.org/works/OL4924710W
Rosalie und Trüffel,Katja Reider,2004,https://openlibrary.org/works/OL14850553W
Neuroloveology,Ava Cadell,2014,https://openlibrary.org/works/OL19982324W
Dawn,Molly Bang,1983,https://openlibrary.org/works/OL2732659W
Born for love,"Leo F. Buscaglia, Marcia Epler, Susan Wainright, Susan Wainwright",1992,https://openlibrary.org/works/OL3487848W
Visions of agapé,Craig A. Boyd,2008,https://openlibrary.org/works/OL18756079W
The love revolution,Joyce Meyer,2009,https://openlibrary.org/works/OL803512W
Reduce Me to Love,Joyce Meyer,2000,https://openlibrary.org/works/OL803593W
Tres ejemplos de amor y una teoría,Ramón J. Sender,1969,https://openlibrary.org/works/OL913785W
About Love,Robert C. Solomon,1988,https://openlibrary.org/works/OL1851059W
"Love, hate and reparation",Melanie Klein,1937,https://openlibrary.org/works/OL7516519W
The metaphysics of love,Frederick D. Wilhelmsen,1962,https://openlibrary.org/works/OL18520997W
True Love,Robert Fulghum,1997,https://openlibrary.org/works/OL2672373W
"The reformed monastery, or, The love of Jesus",Luke Beaulieu,1649,https://openlibrary.org/works/OL10316013W
Feminism and the Power of Love,"Lena Gunnarsson, Anna G. Jónasdóttir",2018,https://openlibrary.org/works/OL20593865W
Hoffnung und Geschichte,Josef Pieper,1967,https://openlibrary.org/works/OL112224W
A great love,Alexandra Kollontai,1929,https://openlibrary.org/works/OL4005510W
Love,Running Press,1987,https://openlibrary.org/works/OL8502083W
If You Listen,Charlotte Zolotow,1980,https://openlibrary.org/works/OL22273W
Expect a Miracle,Kathy Freston,1957,https://openlibrary.org/works/OL8699687W
The Bastard on the Couch,Daniel Jones,2004,https://openlibrary.org/works/OL6725479W
Sexual Love and Western Morality,Donald Phillip Verene,1972,https://openlibrary.org/works/OL2640664W
Living a life you love,Joyce Meyer,2018,https://openlibrary.org/works/OL19736243W
Histoires d'amour,Julia Kristeva em português,1983,https://openlibrary.org/works/OL71372W
A propos de Sartre et de l'amour,Suzanne Lilar,1967,https://openlibrary.org/works/OL1297659W
Vida en el amor,Ernesto Cardenal,1970,https://openlibrary.org/works/OL957324W
Moments of Love,Barbara Cartland,1982,https://openlibrary.org/works/OL137098W
"Beautiful Creatures (Beautiful Creatures Series, Book 1)","Kami Garcia, Margaret Stohl",2009,https://openlibrary.org/works/OL13691568W
Nina Shapes Up,Katherine Applegate,1996,https://openlibrary.org/works/OL15068629W
The idea of Coventry Patmore,Osbert Burdett,1921,https://openlibrary.org/works/OL1171367W
Social life in ancient India,Haran Chandra Chakladar,1929,https://openlibrary.org/works/OL1630805W
Philosophies of love,David L. Norton,1971,https://openlibrary.org/works/OL2959449W
Glare ice,Mary Logue,2001,https://openlibrary.org/works/OL17742W
Young Guinevere,Robert D. San Souci,1993,https://openlibrary.org/works/OL116631W
Saint Bernard on the love of God,Saint Bernard of Clairvaux,1881,https://openlibrary.org/works/OL1087501W
"Love, Reason and Morality","Katrien Schaubroeck, Esther Kroeker",2016,https://openlibrary.org/works/OL21294551W
Love undetectable,Andrew Sullivan,1998,https://openlibrary.org/works/OL20098007W
Words on Fire,Vanessa L. Ochs,1990,https://openlibrary.org/works/OL3524379W
Don't sweat the small stuff in love,"Richard Carlson, Kristine Carlson",1999,https://openlibrary.org/works/OL15825987W
What men live by,Richard C. Cabot,1914,https://openlibrary.org/works/OL1793292W
How to mend a broken heart,Dick Innes,1991,https://openlibrary.org/works/OL3455109W
O senhor do paco de Ninães,Camilo Castelo Branco,1919,https://openlibrary.org/works/OL1246572W
Kids still having kids,"Janet Bode, Stan Mack",1992,https://openlibrary.org/works/OL67040W
Endless Love,Scott Spencer,1979,https://openlibrary.org/works/OL1812810W
The asylum,"Lisa Jane Smith, Kevin Williamson, Julie Plec",2012,https://openlibrary.org/works/OL16451103W
I Love you. Now What?,Mabel Iam,2008,https://openlibrary.org/works/OL5736516W
If He Had Been With Me,Laura Nowlin,2013,https://openlibrary.org/works/OL19667762W
Love & Respect,Emerson Eggerichs,2004,https://openlibrary.org/works/OL8966593W
The Feel the Fear Guide to ... Lasting Love,Susan J. Jeffers,2005,https://openlibrary.org/works/OL4626722W
Bone Black,Bell Hooks,1996,https://openlibrary.org/works/OL31113W
Rock my soul,Bell Hooks,2002,https://openlibrary.org/works/OL31117W
Practical Intuition for Success,"Laura Day, Martin Edelston",1997,https://openlibrary.org/works/OL78685W
West Side Story,Irving Shulman,1961,https://openlibrary.org/works/OL4795439W
Loving bravely,"Alexandra H. Solomon, Vanessa Daniels",2017,https://openlibrary.org/works/OL20050357W
Rudolf Steiner's vision of love,Bernard Nesfield-Cookson,1983,https://openlibrary.org/works/OL5038318W
"Amoris effigies, sive, Quid sit amor?",Robert Waring,1650,https://openlibrary.org/works/OL7600911W
Side effects may vary,Julie Murphy,2014,https://openlibrary.org/works/OL19707748W
Judas,"עמוס עוז, Nicholas de Lange",2014,https://openlibrary.org/works/OL20210849W
Love Stories in China,"Wanning Sun, Yang Ling",2019,https://openlibrary.org/works/OL25754131W
"Wild, Wild Hair",Nikki Grimes,1996,https://openlibrary.org/works/OL103717W
Kanga Creek,Havelock Ellis,1922,https://openlibrary.org/works/OL1153007W
Crier's War,Nina Varela,2019,https://openlibrary.org/works/OL20919204W
Visser,Katherine Applegate,1999,https://openlibrary.org/works/OL27826W
God Works the Night Shift,Ron Mehl,1994,https://openlibrary.org/works/OL465254W
The Unexpected,Katherine Applegate,2000,https://openlibrary.org/works/OL27825W
Lion's Lady,Suzanne Barclay,1998,https://openlibrary.org/works/OL15410841W
"Breathe, Annie, breathe",Miranda Kenneally,2014,https://openlibrary.org/works/OL19982123W
Evernight,Claudia Gray,2008,https://openlibrary.org/works/OL9302612W
A Song for Ella Grey,David Almond,2014,https://openlibrary.org/works/OL19626251W
Twelve Across,Barbara Delinsky,1987,https://openlibrary.org/works/OL166387W
Love Is a Many Trousered Thing (Confessions of Georgia Nicolson),Louise Rennison,2007,https://openlibrary.org/works/OL92960W
Three rotten eggs,Gregory Maguire,2002,https://openlibrary.org/works/OL66215W
Love is a special way of feeling,Joan Walsh Anglund,1960,https://openlibrary.org/works/OL458627W
When it happens,Susane Colasanti,2006,https://openlibrary.org/works/OL5833951W
Commotion in the ocean,Giles Andreae,1998,https://openlibrary.org/works/OL73214W
Love is a handful of honey,Giles Andreae,1999,https://openlibrary.org/works/OL73215W
The good liar,Gregory Maguire,1995,https://openlibrary.org/works/OL66228W
I Love You More,Laura Duksta,2001,https://openlibrary.org/works/OL8828002W
Tenzin's Deer,Barbara Soros,2003,https://openlibrary.org/works/OL8932760W
I Love You Always And Forever,Jonathan Emmett,2007,https://openlibrary.org/works/OL85981W
Levinas and the Wisdom of Love,Corey Beals,2007,https://openlibrary.org/works/OL9895163W
The lesson,Carol Lynn Pearson,1998,https://openlibrary.org/works/OL72879W
Amelia Bedelia Ties The Knot,"Herman Parish, Lynne Avril",2016,https://openlibrary.org/works/OL24550139W
Olivia Twisted,Vivi Barnes,2013,https://openlibrary.org/works/OL21055484W
Dark Side of Love,Jane Goldberg,2017,https://openlibrary.org/works/OL25242068W
Revival : the Evolution of Modern Marriage,Franz Carl Muller-Lyer,2018,https://openlibrary.org/works/OL25232332W
Love,Anne Marie Pahuus,2018,https://openlibrary.org/works/OL25428557W
The incredible adventures of cinnamon girl,Melissa Keil,2014,https://openlibrary.org/works/OL22319873W
"Philosophy of Love in the Past, Present, and Future","André Grahle, Natasha McKeever, Joe Saunders",2021,https://openlibrary.org/works/OL25810457W
Love  with the Proper Stranger : Affective Honesty and Enactment,Estelle Shane,2017,https://openlibrary.org/works/OL25742423W
Shakespeare in Three Dimensions,Robert Blacker,2017,https://openlibrary.org/works/OL25767943W
Life in hell,Matt Groening,1994,https://openlibrary.org/works/OL135562W
How to Expand Love,His Holiness Tenzin Gyatso the XIV Dalai Lama,2005,https://openlibrary.org/works/OL10373793W
Formal country,Pat Ross,1989,https://openlibrary.org/works/OL114953W
Stories from the Bible,Martin Waddell,1993,https://openlibrary.org/works/OL114202W
Three to get married,Fulton J. Sheen,1951,https://openlibrary.org/works/OL111054W
Teach only love,Gerald G. Jampolsky,1983,https://openlibrary.org/works/OL11925051W
Fallen,Lauren Kate,2009,https://openlibrary.org/works/OL15299819W
Intimate partners,Maggie Scarf,1987,https://openlibrary.org/works/OL3739129W
Falling in Love,Ayala Malakh-Pines,1999,https://openlibrary.org/works/OL269904W
Love and Intimate Relationships,"Norman M. Brown, Ellen S. Amatea",2013,https://openlibrary.org/works/OL26742458W
Guardian Angel,Julie Garwood,1990,https://openlibrary.org/works/OL26943W
El amor y otras idioteces,José Pedro Manglano,2007,https://openlibrary.org/works/OL27958238W
100 Simple Secrets of Great Relationships,David Niven,2003,https://openlibrary.org/works/OL274374W
"Transference, Love, Being",Andrea Celenza,2022,https://openlibrary.org/works/OL27412838W
Social Love and the Critical Potential of People,"Silvia Cataldi, Gennaro Iorio",2022,https://openlibrary.org/works/OL27813002W
Now and Forever-Let's Make Love,"Joan E. Lloyd, Joan Elizabeth Lloyd",2001,https://openlibrary.org/works/OL29408410W
Love by the Numbers,Glynis McCants,2009,https://openlibrary.org/works/OL26303064W
Ethics of Love,Susi Ferrarello,2022,https://openlibrary.org/works/OL27408544W
Love the Way You Love,"Jamie S. Rich, Marc Ellerby",2006,https://openlibrary.org/works/OL28778117W
1001 Ways to Be Romantic,Gregory Godek,2007,https://openlibrary.org/works/OL26301460W
"The symposium ; and, The Phaedo",Πλάτων,1980,https://openlibrary.org/works/OL380303W
One day my soul just opened up,Iyanla Vanzant,1998,https://openlibrary.org/works/OL42004W
The Joys of Love,Madeleine L'Engle,2008,https://openlibrary.org/works/OL41455W
Under rose-tainted skies,Louise Gornall,2016,https://openlibrary.org/works/OL20045212W
"Plato's Exceptional City, Love, and Philosopher",Nickolas Pappas,2020,https://openlibrary.org/works/OL20754001W
Hermias,"Dirk Baltzly, Michael Share",2018,https://openlibrary.org/works/OL20595306W
Lovebirds,Trevor Silvester,2013,https://openlibrary.org/works/OL19356074W
Love (Emma Dodd's Love You Books),"Emma Dodd, Emma Dodd (author)",2016,https://openlibrary.org/works/OL19338759W
The Silent Songbird,Melanie Dickerson,2016,https://openlibrary.org/works/OL19262381W
Love matters,Linda Sutton,1999,https://openlibrary.org/works/OL1969040W
8 habits of love,Ed Bacon,2012,https://openlibrary.org/works/OL19963583W
Words in deep blue,Cath Crowley,2016,https://openlibrary.org/works/OL19664128W
About a Girl,Sarah McCarry,2015,https://openlibrary.org/works/OL20007151W
Boys like you,Juliana Stone,2014,https://openlibrary.org/works/OL19980914W
Take back the skies,Lucy Saxon,2014,https://openlibrary.org/works/OL19980915W
For the sender,Alex Woodard,2012,https://openlibrary.org/works/OL19850918W
Love From Heaven,Lorna Byrne,1657,https://openlibrary.org/works/OL20167451W
Real love,Sharon Salzberg,2017,https://openlibrary.org/works/OL20058154W
Lust for Love,"Pamela Anderson, Shmuel Boteach, Lauren Fortgang, Jay Snyder, Tavia Gilbert",2018,https://openlibrary.org/works/OL20164453W
The winner's crime,Marie Rutkoski,2015,https://openlibrary.org/works/OL19997993W
Please enjoy your happiness,Paul Brinkley-Rogers,2016,https://openlibrary.org/works/OL20034103W
Firewalker,Josephine Angelini,2001,https://openlibrary.org/works/OL20015242W
The boy most likely to,Huntley Fitzpatrick,2015,https://openlibrary.org/works/OL20015244W
The Huntress of Thornbeck Forest,Melanie Dickerson,2015,https://openlibrary.org/works/OL20304317W
Optimists die first,Susin Nielsen,2017,https://openlibrary.org/works/OL20046941W
Newt's emerald,Garth Nix,2015,https://openlibrary.org/works/OL20009525W
Whisper to me,Nick Lake,2016,https://openlibrary.org/works/OL20025852W
The game of Love and Death,Martha Brockenbrough,2015,https://openlibrary.org/works/OL20000221W
That Inevitable Victorian Thing,E. K. Johnston,2017,https://openlibrary.org/works/OL19136238W
Anna K Away,Jenny Lee,2021,https://openlibrary.org/works/OL20844078W
Phenomenology of Love and Hate,Peter Hadreas,2016,https://openlibrary.org/works/OL21300551W
Why Love Matters,"Scherto Gill, David Cadman",2015,https://openlibrary.org/works/OL21116753W
Kierkegaard and the Political Theory of Love,Darren Surman,2015,https://openlibrary.org/works/OL21107879W
Reborn,Jennifer Rush,2015,https://openlibrary.org/works/OL21548126W
Little in Love,Susan E. Fletcher,2014,https://openlibrary.org/works/OL21811958W
Notorious Pagan Jones,Nina Berry,2015,https://openlibrary.org/works/OL21570114W
Cowboy in the Making,Julie Benson,2014,https://openlibrary.org/works/OL21549154W
No Life But This (UniCorp #2),Anna Sheehan,2013,https://openlibrary.org/works/OL21457536W
Love and Society,Swen Seebach,2017,https://openlibrary.org/works/OL20226861W
Until we meet again,Renee Collins,2015,https://openlibrary.org/works/OL20011892W
Joyride,Anna Banks,2015,https://openlibrary.org/works/OL20004459W
One Man Guy,Michael Barakiva,2014,https://openlibrary.org/works/OL19979248W
The square root of summer,Harriet Reuter Hapgood,2016,https://openlibrary.org/works/OL20032129W
The Jewel,Amy Ewing,2014,https://openlibrary.org/works/OL19987722W
Wait for me,Caroline Leech,2017,https://openlibrary.org/works/OL20051615W
Las mujeres que aman demasiado,Robin Norwood,2010,https://openlibrary.org/works/OL19762606W
Break up Bootcamp,Amy Chan,2020,https://openlibrary.org/works/OL21360321W
Origins of Love and Hate,"Suttie, Ian D, Ian D.",2014,https://openlibrary.org/works/OL21265853W
Love Objects,"Anna Moran, Sorcha O'Brien, Bloomsbury",2014,https://openlibrary.org/works/OL21067612W
Elemental Passions,Luce Irigaray,2013,https://openlibrary.org/works/OL21304008W
Open Road Summer,Emery Lord,2014,https://openlibrary.org/works/OL19359046W
Solstice,P. J. Hoover,2011,https://openlibrary.org/works/OL20693178W
The Eternity Key (Into the Dark #2),Bree Despain,2015,https://openlibrary.org/works/OL21272564W
Plato's Erotic World,"Gordon, Jill",2012,https://openlibrary.org/works/OL21553068W
Let's Talk About Where Babies Come from,Robie H. Harris,1999,https://openlibrary.org/works/OL42640W
Punch-drunk love,Paul Thomas Anderson,2002,https://openlibrary.org/works/OL53192W
In search of the Great White Tiger,Sheila Walsh,2001,https://openlibrary.org/works/OL5837818W
Wild roses,Deb Caletti,2005,https://openlibrary.org/works/OL5718828W
Love & marriage,Bill Cosby,1989,https://openlibrary.org/works/OL151901W
The Day I Killed James,Catherine Ryan Hyde,2008,https://openlibrary.org/works/OL14927673W
A Civilization of Love,Carl Anderson,2008,https://openlibrary.org/works/OL14981158W
Rose,Inga Muscio,2010,https://openlibrary.org/works/OL15415324W
Buddha's brain,Rick Hanson,2009,https://openlibrary.org/works/OL15498701W
Either is love,Elisabeth Craigin,1937,https://openlibrary.org/works/OL154591W
Eurydice,Sarah Ruhl,2008,https://openlibrary.org/works/OL15603621W
Linda Goodman's love signs,Linda Goodman,1978,https://openlibrary.org/works/OL15396991W
Love and Other Theories,Alexis Bass,2014,https://openlibrary.org/works/OL18820784W
Te amo-- pero soy feliz sin ti,Jaime Jaramillo,2007,https://openlibrary.org/works/OL16038153W
In praise of love,"Alain Badiou, Nicolas Truong",2012,https://openlibrary.org/works/OL17708162W
Poison heart,Mary Logue,2005,https://openlibrary.org/works/OL17747W
"Masque of the Red Death (Masque of the Red Death Series, Book 1)",Bethany Griffin,2012,https://openlibrary.org/works/OL16318152W
The novice,Thích Nhất Hạnh,2011,https://openlibrary.org/works/OL16239159W
Kama Sutra for 21st Century Lovers,Anne Hooper,2003,https://openlibrary.org/works/OL1698315W
Between the devil and the deep blue sea,April Genevieve Tucholke,2001,https://openlibrary.org/works/OL16807248W
Beta (Annex #1),Rachel Cohn,2012,https://openlibrary.org/works/OL16591837W
Everneath,Brodi Ashton,2012,https://openlibrary.org/works/OL16491654W
My dream of you,Nuala O'Faolain,2001,https://openlibrary.org/works/OL1871465W
Sixteenth Summer,Michelle Dalton,2011,https://openlibrary.org/works/OL16475253W
Inheritance,Malinda Lo,2013,https://openlibrary.org/works/OL16810271W
To love is to fly,Jonathan Chester,1900,https://openlibrary.org/works/OL16623681W
The caged graves,Dianne K. Salerni,2013,https://openlibrary.org/works/OL16694672W
Caring & Commitment,Lewis B. Smedes,1988,https://openlibrary.org/works/OL16026W
Voyage of the Sea Wolf,Eve Bunting,2012,https://openlibrary.org/works/OL16190794W
My life next door,Huntley Fitzpatrick,2012,https://openlibrary.org/works/OL16151920W
Huntress,Malinda Lo,2011,https://openlibrary.org/works/OL16261035W
Crush,"Gary Paulsen, Joshua Swanson",2012,https://openlibrary.org/works/OL16175845W
Extraordinary means,Robyn Schneider,2015,https://openlibrary.org/works/OL17860884W
Everbound,Brodi Ashton,2013,https://openlibrary.org/works/OL17559578W
Kierkegaard and the Problem of SelfLove,John Lippitt,2013,https://openlibrary.org/works/OL17579035W
Love analyzed,Roger E. Lamb,1997,https://openlibrary.org/works/OL18226601W
The Island Of Excess Love,Francesca Lia Block,2014,https://openlibrary.org/works/OL17316794W
Kiss Me Deadly,"Trisha Telep, Michelle Zink, Diana Peterfreund, Karen Mahoney, Justine Musk, Sarah Rees Brennan, Becca Fitzpatrick, Caitlin Kittredge, Carrie Ryan, Michelle Rowen, Rachel Vincent, Daniel Marks, Maggie Stiefvater, Daniel Waters",2010,https://openlibrary.org/works/OL17855259W
Kissing in America,Margo Rabb,2015,https://openlibrary.org/works/OL17914870W
The Winner's Curse,Marie Rutkoski,2014,https://openlibrary.org/works/OL18144064W
The baby's bodyguard,Stephanie Newton,2011,https://openlibrary.org/works/OL16454913W
Kill me softly,Sarah Cross,2012,https://openlibrary.org/works/OL16442213W
Adaptation,Malinda Lo,2012,https://openlibrary.org/works/OL16571926W
True love,Daphne Rose Kingma,1991,https://openlibrary.org/works/OL17941667W
Trading with intermarket analysis,John J. Murphy,2012,https://openlibrary.org/works/OL16672275W
Cyrano,Geraldine McCaughrean,2006,https://openlibrary.org/works/OL166620W
To Love Is to Be Happy With,Barry Neil Kaufman,1976,https://openlibrary.org/works/OL2994606W
Love is a verb,Gary D. Chapman,2009,https://openlibrary.org/works/OL1680336W
The Highly Sensitive Person in Love,Elaine N. Aron,2000,https://openlibrary.org/works/OL856011W
Courtship and Love Among the Enslaved in North Carolina,Rebecca J. Fraser,2007,https://openlibrary.org/works/OL9897022W
Be love now,Ram Dass,2010,https://openlibrary.org/works/OL15488831W
Emotional fitness for couples,Barton Goldsmith,2006,https://openlibrary.org/works/OL5837271W
Love and Lies,Clancy Martin,2015,https://openlibrary.org/works/OL20891880W
East of Eden and The Wayward Bus,John Steinbeck,1952,https://openlibrary.org/works/OL15138391W
Boardwalk,Katherine Applegate,1993,https://openlibrary.org/works/OL27780W
Dare we be Christians,Walter Rauschenbusch,1914,https://openlibrary.org/works/OL57391W
This splendid earth,Victor J. Banis,1978,https://openlibrary.org/works/OL4926150W
"Dark Angel, The Chosen, Soulmate",Lisa Jane Smith,2008,https://openlibrary.org/works/OL15168768W
The Initiation & The Captive part 1,Lisa Jane Smith,2008,https://openlibrary.org/works/OL16112080W
Pig in love,"Vivian French, Tim Archbold, MacMillian Education Australian Primary Literacy Education Staff",2005,https://openlibrary.org/works/OL481664W
Love's garden,Peggy Rowe-Ward,2007,https://openlibrary.org/works/OL9854786W
"Deception (Defiance Series, Book 2)",C. J. Redwine,2013,https://openlibrary.org/works/OL19970652W
Katholische Christenfibel,Josef Pieper,1951,https://openlibrary.org/works/OL112220W
View from another closet,Janet Bode,1976,https://openlibrary.org/works/OL67044W
The transformation of intimacy,Anthony Giddens,1992,https://openlibrary.org/works/OL38111W
Love and beauty,Guy Sircello,1989,https://openlibrary.org/works/OL4625471W
Lovestruck,Kate William,1986,https://openlibrary.org/works/OL3551897W
Chocolate Flava,Zane,1990,https://openlibrary.org/works/OL84482W
When lovers are friends,Merle Shain,1978,https://openlibrary.org/works/OL4652513W
Sweethearts,Sara Zarr,2007,https://openlibrary.org/works/OL5836291W
"Life, love, and children",Irina Pollard,2002,https://openlibrary.org/works/OL3948994W
No matter what,Debi Gliori,1999,https://openlibrary.org/works/OL15055377W
Love from Pooh,A. A. Milne,2002,https://openlibrary.org/works/OL476487W
The Antelope in the Living Room,Melanie Shankle,2014,https://openlibrary.org/works/OL17512680W
I couldn't love you more,Jason Ingram,2012,https://openlibrary.org/works/OL16471428W
It's Happy Bunny,Jim Benton,2005,https://openlibrary.org/works/OL15826906W
Way of love,Norman Wirzba,2016,https://openlibrary.org/works/OL20023368W
Trust,Domenico Starnone,2021,https://openlibrary.org/works/OL24228476W
How to love,"Thích Nhất Hạnh, Jason DeAntonis",2015,https://openlibrary.org/works/OL19992689W
Love Letters,Michelle Lovric,1994,https://openlibrary.org/works/OL797344W
De flagello myrteo,Richard Garnett,1905,https://openlibrary.org/works/OL6601009W
Bewitched,Titania Hardie,1997,https://openlibrary.org/works/OL1829895W
Teen Love,Kimberly Kirberger,1999,https://openlibrary.org/works/OL6045594W
On Plato's Symposium =,Seth Benardete,1994,https://openlibrary.org/works/OL551348W
The mammoth book of the Kama Sutra,Maxim Jakubowski,2008,https://openlibrary.org/works/OL18630235W
Notorious Pagan Jones,Nina Berry,2015,https://openlibrary.org/works/OL21570114W
Break up Bootcamp,Amy Chan,2020,https://openlibrary.org/works/OL21360321W
Reborn,Jennifer Rush,2015,https://openlibrary.org/works/OL21548126W
Cowboy in the Making,Julie Benson,2014,https://openlibrary.org/works/OL21549154W
Origins of Love and Hate,"Suttie, Ian D, Ian D.",2014,https://openlibrary.org/works/OL21265853W
Phenomenology of Love and Hate,Peter Hadreas,2016,https://openlibrary.org/works/OL21300551W
The incredible adventures of cinnamon girl,Melissa Keil,2014,https://openlibrary.org/works/OL22319873W
No Life But This (UniCorp #2),Anna Sheehan,2013,https://openlibrary.org/works/OL21457536W
Plato's Erotic World,"Gordon, Jill",2012,https://openlibrary.org/works/OL21553068W
Little in Love,Susan E. Fletcher,2014,https://openlibrary.org/works/OL21811958W
Kierkegaard and the Political Theory of Love,Darren Surman,2015,https://openlibrary.org/works/OL21107879W
Love Objects,"Anna Moran, Sorcha O'Brien, Bloomsbury",2014,https://openlibrary.org/works/OL21067612W
The winner's crime,Marie Rutkoski,2015,https://openlibrary.org/works/OL19997993W
For the sender,Alex Woodard,2012,https://openlibrary.org/works/OL19850918W
"The Willow Files, Vol. 2",Joss Whedon,1999,https://openlibrary.org/works/OL4320212W
The Magic of the Ballet,Adele Geras,2001,https://openlibrary.org/works/OL4311729W
The breast-plate of faith and love,"John Preston, Richard Sibbes, John Davenport",1630,https://openlibrary.org/works/OL42490614W
This splendid earth,Victor J. Banis,1978,https://openlibrary.org/works/OL4926150W
Love and beauty,Guy Sircello,1989,https://openlibrary.org/works/OL4625471W
Soul mates,"Moore, Thomas, Moore, Thomas.",1994,https://openlibrary.org/works/OL486526W
Conscious loving,"Gay Hendricks, Kathlyn Hendricks",1990,https://openlibrary.org/works/OL47340W
Shyness and love,Brian G. Gilmartin,1987,https://openlibrary.org/works/OL4647678W
Love is a special way of feeling,Joan Walsh Anglund,1960,https://openlibrary.org/works/OL458627W
The passionate life,Sam Keen,1983,https://openlibrary.org/works/OL2000185W
Words in deep blue,Cath Crowley,2016,https://openlibrary.org/works/OL19664128W
How to love,"Thích Nhất Hạnh, Jason DeAntonis",2015,https://openlibrary.org/works/OL19992689W
Real love,Sharon Salzberg,2017,https://openlibrary.org/works/OL20058154W
Until we meet again,Renee Collins,2015,https://openlibrary.org/works/OL20011892W
Way of love,Norman Wirzba,2016,https://openlibrary.org/works/OL20023368W
Joyride,Anna Banks,2015,https://openlibrary.org/works/OL20004459W
The square root of summer,Harriet Reuter Hapgood,2016,https://openlibrary.org/works/OL20032129W
Wait for me,Caroline Leech,2017,https://openlibrary.org/works/OL20051615W
The theology of romantic love,Mary McDermott Shideler,1962,https://openlibrary.org/works/OL2015100W
Love From Heaven,Lorna Byrne,1657,https://openlibrary.org/works/OL20167451W
Open Road Summer,Emery Lord,2014,https://openlibrary.org/works/OL19359046W
About a Girl,Sarah McCarry,2015,https://openlibrary.org/works/OL20007151W
Boys like you,Juliana Stone,2014,https://openlibrary.org/works/OL19980914W
Take back the skies,Lucy Saxon,2014,https://openlibrary.org/works/OL19980915W
8 habits of love,Ed Bacon,2012,https://openlibrary.org/works/OL19963583W
"Deception (Defiance Series, Book 2)",C. J. Redwine,2013,https://openlibrary.org/works/OL19970652W
One Man Guy,Michael Barakiva,2014,https://openlibrary.org/works/OL19979248W
The game of Love and Death,Martha Brockenbrough,2015,https://openlibrary.org/works/OL20000221W
Optimists die first,Susin Nielsen,2017,https://openlibrary.org/works/OL20046941W
Newt's emerald,Garth Nix,2015,https://openlibrary.org/works/OL20009525W
Lovebirds,Trevor Silvester,2013,https://openlibrary.org/works/OL19356074W
Three sides of a heart,"Natalie C. Parker, Renée Ahdieh, Rae Carson, Brandy Colbert, Katie Cotugno, Lamar Giles, Tessa Gratton, Bethany Hagen, Justina Ireland, Alaya Dawn Johnson, E. K. Johnston, Julie Murphy, Garth Nix, Veronica Roth, Sabaa Tahir, Brenna Yovanoff",2017,https://openlibrary.org/works/OL19724630W
Las mujeres que aman demasiado,Robin Norwood,2010,https://openlibrary.org/works/OL19762606W
Hot Relationships,Tracey Cox,1999,https://openlibrary.org/works/OL1975927W
We'll never be apart,Emiko Jean,2015,https://openlibrary.org/works/OL19669321W
An interpretation of Christian ethics,Reinhold Niebuhr,1935,https://openlibrary.org/works/OL19669835W
Love (Emma Dodd's Love You Books),"Emma Dodd, Emma Dodd (author)",2016,https://openlibrary.org/works/OL19338759W
The Silent Songbird,Melanie Dickerson,2016,https://openlibrary.org/works/OL19262381W
How Do I Love You?,P. K. Hallinan,1989,https://openlibrary.org/works/OL1930850W
Love matters,Linda Sutton,1999,https://openlibrary.org/works/OL1969040W
Making the Run,Heather Henson,2002,https://openlibrary.org/works/OL1969494W
How to fall in love with anyone,Mandy Len Catron,2017,https://openlibrary.org/works/OL19712250W
Love and Society,Swen Seebach,2017,https://openlibrary.org/works/OL20226861W
Lust for Love,"Pamela Anderson, Shmuel Boteach, Lauren Fortgang, Jay Snyder, Tavia Gilbert",2018,https://openlibrary.org/works/OL20164453W
Whisper to me,Nick Lake,2016,https://openlibrary.org/works/OL20025852W
Among friends with heart & soul,"Roxie Kelley, Roxie Kelly and Friends, Shelly Reeves Smith, K.C. Kelley",1995,https://openlibrary.org/works/OL1811513W
The Winner's Curse,Marie Rutkoski,2014,https://openlibrary.org/works/OL18144064W
True love,Daphne Rose Kingma,1991,https://openlibrary.org/works/OL17941667W
Extraordinary means,Robyn Schneider,2015,https://openlibrary.org/works/OL17860884W
God is not mad at you,Joyce Meyer,2013,https://openlibrary.org/works/OL17836073W
Kiss Me Deadly,"Trisha Telep, Michelle Zink, Diana Peterfreund, Karen Mahoney, Justine Musk, Sarah Rees Brennan, Becca Fitzpatrick, Caitlin Kittredge, Carrie Ryan, Michelle Rowen, Rachel Vincent, Daniel Marks, Maggie Stiefvater, Daniel Waters",2010,https://openlibrary.org/works/OL17855259W
Taking Ourselves Seriously and Getting It Right,Harry G. Frankfurt,2006,https://openlibrary.org/works/OL1829527W
How to be an adult in relationships : the five keys to mindful loving,"David Richo, David Richo",2002,https://openlibrary.org/works/OL18163769W
The mark of the Christian,Francis A. Schaeffer,1970,https://openlibrary.org/works/OL1829601W
Bewitched,Titania Hardie,1997,https://openlibrary.org/works/OL1829895W
Kierkegaard and the Problem of SelfLove,John Lippitt,2013,https://openlibrary.org/works/OL17579035W
Everbound,Brodi Ashton,2013,https://openlibrary.org/works/OL17559578W
Kissing in America,Margo Rabb,2015,https://openlibrary.org/works/OL17914870W
Lies My Girlfriend Told Me,Julie Anne Peters,2014,https://openlibrary.org/works/OL17494169W
Love analyzed,Roger E. Lamb,1997,https://openlibrary.org/works/OL18226601W
"Dear Bill, Remember Me?",Norma Fox Mazer,1978,https://openlibrary.org/works/OL1841648W
Love,Robert C. Solomon,1981,https://openlibrary.org/works/OL1851057W
The Antelope in the Living Room,Melanie Shankle,2014,https://openlibrary.org/works/OL17512680W
In praise of love,"Alain Badiou, Nicolas Truong",2012,https://openlibrary.org/works/OL17708162W
Poison heart,Mary Logue,2005,https://openlibrary.org/works/OL17747W
Theologies of liberation in Palestine-Israel,"نور مصالحه, Lisa Isherwood",2014,https://openlibrary.org/works/OL20973677W
Anna K Away,Jenny Lee,2021,https://openlibrary.org/works/OL20844078W
Good Chemistry,Julie Holland,2020,https://openlibrary.org/works/OL20905772W
Why Love Matters,"Scherto Gill, David Cadman",2015,https://openlibrary.org/works/OL21116753W
Firewalker,Josephine Angelini,2001,https://openlibrary.org/works/OL20015242W
The boy most likely to,Huntley Fitzpatrick,2015,https://openlibrary.org/works/OL20015244W
Under rose-tainted skies,Louise Gornall,2016,https://openlibrary.org/works/OL20045212W
Please enjoy your happiness,Paul Brinkley-Rogers,2016,https://openlibrary.org/works/OL20034103W
The Jewel,Amy Ewing,2014,https://openlibrary.org/works/OL19987722W
The Right Twin,Gina Wilkins,2013,https://openlibrary.org/works/OL20119938W
The Huntress of Thornbeck Forest,Melanie Dickerson,2015,https://openlibrary.org/works/OL20304317W
19 love songs,David Levithan,2019,https://openlibrary.org/works/OL20640558W
"Plato's Exceptional City, Love, and Philosopher",Nickolas Pappas,2020,https://openlibrary.org/works/OL20754001W
Hermias,"Dirk Baltzly, Michael Share",2018,https://openlibrary.org/works/OL20595306W
Solstice,P. J. Hoover,2011,https://openlibrary.org/works/OL20693178W
Love and Lies,Clancy Martin,2015,https://openlibrary.org/works/OL20891880W
De flagello myrteo,Richard Garnett,1905,https://openlibrary.org/works/OL6601009W
Dialoghi d'amore,Leon Hebreo,1568,https://openlibrary.org/works/OL11771561W
The new psychology of love,"Robert J. Sternberg, Karin Weis",2006,https://openlibrary.org/works/OL19375722W
Love and Power,Lynn V. Andrews,1997,https://openlibrary.org/works/OL2642409W
The Love of God,Aelred Graham,1939,https://openlibrary.org/works/OL1196821W
The girl in the box,Sheila Dalton,2011,https://openlibrary.org/works/OL16497828W
Widening the circle of love,"His Holiness Tenzin Gyatso the XIV Dalai Lama, Jeffrey Hopkins",2005,https://openlibrary.org/works/OL318755W
The Craving,"Lisa Jane Smith, Kevin Williamson, Julie Plec",2011,https://openlibrary.org/works/OL16630956W
Kidnapped!,Kate William,1984,https://openlibrary.org/works/OL3933485W
Friendship,Hugh Black,1897,https://openlibrary.org/works/OL10329878W
Goodness Circle,Pao-Chih Huang,2013,https://openlibrary.org/works/OL38132279W
Salvation,Bell Hooks,2001,https://openlibrary.org/works/OL31118W
Happy to be nappy,Bell Hooks,1999,https://openlibrary.org/works/OL31106W
Be Boy Buzz,Bell Hooks,2002,https://openlibrary.org/works/OL31120W
Love Sick,Frank Tallis,2004,https://openlibrary.org/works/OL817131W
Practical intuition in love,Laura Day,1998,https://openlibrary.org/works/OL78683W
Liebe als Passion,Niklas Luhmann,1982,https://openlibrary.org/works/OL1652191W
The new psychology of love,"Robert J. Sternberg, Karin Weis",2006,https://openlibrary.org/works/OL19375722W
The birth order book of love,William Cane,2008,https://openlibrary.org/works/OL1985750W
The enchanted,Jean Giraudoux,1950,https://openlibrary.org/works/OL1208107W
The courtin',James Russell Lowell,1874,https://openlibrary.org/works/OL1105879W
The Faithful Friend,Robert D. San Souci,1995,https://openlibrary.org/works/OL116611W
Keeping the love you find,Harville Hendrix,1992,https://openlibrary.org/works/OL2998756W
The nature of love,Emmanuel Berl,1924,https://openlibrary.org/works/OL3761168W
Essence of Christianity,Anders Nygren,1960,https://openlibrary.org/works/OL1148345W
The spinster book,Myrtle Reed,1901,https://openlibrary.org/works/OL19692264W
Blue Truth,David Deida,2004,https://openlibrary.org/works/OL2680130W
A woman's philosophy of love,"Caroline Fairfield Corbin, Library of Congress",1893,https://openlibrary.org/works/OL2494899W
A study in Charlotte,Brittany Cavallaro,2016,https://openlibrary.org/works/OL20026898W
All you need is a love spell,Randi Reisfeld,1998,https://openlibrary.org/works/OL727653W
Wayfarer,Alexandra Bracken,2017,https://openlibrary.org/works/OL19342747W
Who Needs Donuts?,Mark Alan Stamaty,1973,https://openlibrary.org/works/OL1975578W
The mystical theology of Saint Bernard,Étienne Gilson,1940,https://openlibrary.org/works/OL532173W
The Andalite's Gift. Part I,Katherine Applegate,1997,https://openlibrary.org/works/OL27773W
Spring came on forever,Bess Streeter Aldrich,1935,https://openlibrary.org/works/OL1881351W
Practical Intuition,Laura Day,1996,https://openlibrary.org/works/OL78684W
Women who love men who kill,Sheila Isenberg,1991,https://openlibrary.org/works/OL4460378W
Fifty Acres and a Poodle,Jeanne Marie Laskas,2000,https://openlibrary.org/works/OL1892250W
The Beginning,Katherine Applegate,2001,https://openlibrary.org/works/OL27778W
The Revelation,Katherine Applegate,2000,https://openlibrary.org/works/OL27811W
Kosher Sex,Shmuley Boteach,1999,https://openlibrary.org/works/OL273932W
The Scots Never Forget,Barbara Cartland,1984,https://openlibrary.org/works/OL137126W
All rivers flow to the sea,Alison McGhee,2005,https://openlibrary.org/works/OL14955261W
Prisoner of night and fog,Anne Blankman,2014,https://openlibrary.org/works/OL19977250W
"Honey, Baby, Sweetheart",Deb Caletti,2005,https://openlibrary.org/works/OL17740627W
Married in Seattle,"Debbie Macomber, Angela Dawe",2009,https://openlibrary.org/works/OL15179653W
"Splendor (Luxe Series, Book 4)",Anna Godbersen,2009,https://openlibrary.org/works/OL14933955W
Tell Me About God,Hans Wilhelm,1988,https://openlibrary.org/works/OL454245W
The Truth about Romance,Ben Mason,2005,https://openlibrary.org/works/OL5821728W
Love on the Lifts,Rachel Hawthorne,2005,https://openlibrary.org/works/OL5683972W
Hello... Hello,Karen Hines,2002,https://openlibrary.org/works/OL5781540W
At face value,Emily Franklin,2008,https://openlibrary.org/works/OL5721356W
"What's your name, again?","Rick Walton, Ann Walton",1900,https://openlibrary.org/works/OL57679W
Bunny Christmas,Rick Walton,2004,https://openlibrary.org/works/OL57686W
Daniel and Esther,Patrick Raymond,1989,https://openlibrary.org/works/OL4805777W
The Everything Love Signs Book,Jenni Kosarin,2004,https://openlibrary.org/works/OL5834002W
My world of astrology,Sydney Omarr,1965,https://openlibrary.org/works/OL69491W
Virgo 1971 (Omarr Astrology),Sydney Omarr,1970,https://openlibrary.org/works/OL69492W
Only Love Is Real,Brian L. Weiss,1996,https://openlibrary.org/works/OL70777W
Herein is love,Reuel L. Howe,1961,https://openlibrary.org/works/OL6926023W
Truce,Janet Bode,1991,https://openlibrary.org/works/OL67043W
Spencer's Bride,Laura Gordon,1996,https://openlibrary.org/works/OL8124718W
Spencer's Secret,Laura Gordon,1998,https://openlibrary.org/works/OL8124719W
Love from Piglet (Wisdom of Pooh),A. A. Milne,2002,https://openlibrary.org/works/OL8125346W
Situation Ethics,Joseph Fletcher,1966,https://openlibrary.org/works/OL8688442W
"10,000 ways to say I love you",Gregory J. P. Godek,1999,https://openlibrary.org/works/OL803411W
Olive Octopus's Deep Sea Ditties,Giles Andreae,1999,https://openlibrary.org/works/OL73212W
Sidney Shark's Seaside Shanties,Giles Andreae,1999,https://openlibrary.org/works/OL73213W
Beginnings,Carol Lynn Pearson,1969,https://openlibrary.org/works/OL72878W
Love one another,Louis Colin,1960,https://openlibrary.org/works/OL7343379W
Dante Gabriel Rossetti and the philosophy of love,Charles Richard Cammell,1933,https://openlibrary.org/works/OL6673889W
I am wings,Ralph J. Fletcher,1994,https://openlibrary.org/works/OL93313W
The Altruism Reader,Thomas Oord,2007,https://openlibrary.org/works/OL9960594W
Does anybody love me?,Gillian Lobel,2002,https://openlibrary.org/works/OL5835334W
What Do We Do with the Baby?,Rick Walton,2008,https://openlibrary.org/works/OL57687W
Build-A-Bear Workshop,Robearta Read,2005,https://openlibrary.org/works/OL8987499W
I'm a part of God's plan,Frankie Falkner,2002,https://openlibrary.org/works/OL9841092W
Partly Cloudy,Gary Soto,2008,https://openlibrary.org/works/OL97414W
Conception Cover-Up,Karen Lawton Barrett,2001,https://openlibrary.org/works/OL9481713W
Living Lawfully,Z. Bankowski,2001,https://openlibrary.org/works/OL9222284W
For money and love,Todd Strasser,2007,https://openlibrary.org/works/OL998920W
A story of love,Francis Bernard Cassilly,1916,https://openlibrary.org/works/OL7526200W
The modern Magi,Carol Lynn Pearson,1994,https://openlibrary.org/works/OL72880W
Breathe,Joyce Carol Oates,2021,https://openlibrary.org/works/OL24740392W
Consent,Nancy Ohlin,2015,https://openlibrary.org/works/OL24723537W
Love and Idolatry in the Victorian Novel,Timothy L. Carens,2021,https://openlibrary.org/works/OL25336076W
Routledge Companion to Romantic Love,Ann Brooks,2021,https://openlibrary.org/works/OL25319169W
"On Love, Confession, Surrender and the Moral Self",Ian Clausen,2017,https://openlibrary.org/works/OL25712382W
Dragon Kiss,Elizabeth Dawson Baker,2009,https://openlibrary.org/works/OL2557248W
Snapshot,Angie Stanton,2013,https://openlibrary.org/works/OL23290990W
Phenomenology of Love and Reading,Cassandra Falke,2016,https://openlibrary.org/works/OL22541377W
Spoiler Alert : the Hero Dies,Michael Ausiello,2017,https://openlibrary.org/works/OL25868295W
Love Around Us,"Kaarina Määttä, Satu Uusiautti",2018,https://openlibrary.org/works/OL25749805W
The shiatsu manual,Gerry Thompson,1994,https://openlibrary.org/works/OL11786W
A natural history of love,Diane Ackerman,1994,https://openlibrary.org/works/OL12897W
The renewal,Terri Kraus,2009,https://openlibrary.org/works/OL13410773W
Cu liu zu,Deyong Zhu,1991,https://openlibrary.org/works/OL13242506W
Meet Danitra Brown,Nikki Grimes,1994,https://openlibrary.org/works/OL103724W
M and M and the haunted house game,Pat Ross,1980,https://openlibrary.org/works/OL114954W
Sam Vole and His Brothers,Martin Waddell,1992,https://openlibrary.org/works/OL114198W
What Use Is a Moose?,Martin Waddell,1996,https://openlibrary.org/works/OL114199W
The dark side of love,Jane G. Goldberg,1993,https://openlibrary.org/works/OL12192W
Good Job,Martin Waddell,1999,https://openlibrary.org/works/OL114194W
A history of falling things,"James Graham, James Graham",2009,https://openlibrary.org/works/OL14961769W
The culture of love,Stephen Kern,1992,https://openlibrary.org/works/OL2986770W
Love,"Barry St Clair, Bill Jones",1988,https://openlibrary.org/works/OL3013463W
The Father Heart of God,Floyd McClung,1985,https://openlibrary.org/works/OL2942511W
God's joyful surprise,Sue Monk Kidd,1987,https://openlibrary.org/works/OL2941506W
Piano man,Joyce Sweeney,1992,https://openlibrary.org/works/OL2662020W
Falling in love,Ayala Malakh-Pines,1999,https://openlibrary.org/works/OL2738577W
Love and Lust,Theodor Reik,2017,https://openlibrary.org/works/OL27396151W
Why Can't I Fall in Love? A 12-Step Program,Shmuley Boteach,2001,https://openlibrary.org/works/OL273936W
Online Seductions,Esther Gwinnell,1998,https://openlibrary.org/works/OL2750478W
The 10 Second Kiss,Ellen Kreidman,1997,https://openlibrary.org/works/OL2743918W
Fireworks,Katherine Applegate,1993,https://openlibrary.org/works/OL27789W
"Mother, May I?",Katherine Applegate,2002,https://openlibrary.org/works/OL27803W
"Rumors (Luxe Series, Book 2)",Anna Godbersen,2008,https://openlibrary.org/works/OL278586W
Bub or the Very Best Thing,Natalie Babbitt,1994,https://openlibrary.org/works/OL2775688W
Swept Away,Katherine Applegate,1993,https://openlibrary.org/works/OL27820W
The Ellimist Chronicles,Katherine Applegate,2000,https://openlibrary.org/works/OL27787W
Zoey speaks out,Katherine Applegate,1996,https://openlibrary.org/works/OL27834W
Zoey comes home,Katherine Applegate,1998,https://openlibrary.org/works/OL27831W
Who loves Kate?,Katherine Applegate,1996,https://openlibrary.org/works/OL27830W
Beach Blondes,Katherine Applegate,2008,https://openlibrary.org/works/OL27776W
Kant on Love,Pärttyli Rinne,2018,https://openlibrary.org/works/OL27390124W
Love That Works,Bruce Brander,2004,https://openlibrary.org/works/OL2719716W
"Women, Sex and Addiction",Charlotte Davis Kasl,1989,https://openlibrary.org/works/OL273276W
How to Ruin Your Life,"Ben Stein, Stein, Benjamin",2002,https://openlibrary.org/works/OL273094W
Cracking the love code,Janet O'Neal,1996,https://openlibrary.org/works/OL2695765W
Act of love,Rosemary Haughton,1968,https://openlibrary.org/works/OL2687933W
Simple spells for love,Barrie Dolnick,1994,https://openlibrary.org/works/OL2709772W
True Love,Thích Nhất Hạnh,2004,https://openlibrary.org/works/OL263650W
Love actually,"Curtis, Richard",2003,https://openlibrary.org/works/OL2657099W
Love Numbers,Margaret Arnold,1998,https://openlibrary.org/works/OL2730055W
Soul Mates,Thomas Moore,1994,https://openlibrary.org/works/OL273315W
Gei Maliya De Qingshu,Yilin Yang,2022,https://openlibrary.org/works/OL28759639W
Out on a Leash,Shirley MacLaine,2003,https://openlibrary.org/works/OL2936621W
The gardens of Aphrodite,Edgar Saltus,1920,https://openlibrary.org/works/OL5684565W
Does anybody love me?,Gillian Lobel,2002,https://openlibrary.org/works/OL5835334W
"Honey, Baby, Sweetheart",Deb Caletti,2004,https://openlibrary.org/works/OL5718829W
Gods love to man-kinde,Samuel Hoard,1656,https://openlibrary.org/works/OL5884729W
Searching the heart,Karen Lystra,1989,https://openlibrary.org/works/OL4772871W
The Everything Love Signs Book,Jenni Kosarin,2004,https://openlibrary.org/works/OL5834002W
The secret of married love,Anna B. Mow,1970,https://openlibrary.org/works/OL5603788W
"Love, sex, and aging",Edward M. Brecher,1984,https://openlibrary.org/works/OL5598802W
The Complete Book of Love and Sex,"Philip Cauthery, Andrew Stanway, Penny Stanway",1984,https://openlibrary.org/works/OL5608067W
"What's your name, again?","Rick Walton, Ann Walton",1900,https://openlibrary.org/works/OL57679W
Bunny Christmas,Rick Walton,2004,https://openlibrary.org/works/OL57686W
What Do We Do with the Baby?,Rick Walton,2008,https://openlibrary.org/works/OL57687W
Hello... Hello,Karen Hines,2002,https://openlibrary.org/works/OL5781540W
Never Too Little to Love,Jeanne Willis,2004,https://openlibrary.org/works/OL501161W
When a Man's a Man,"Harold Bell Wright, Elsberry W. Reynolds",1916,https://openlibrary.org/works/OL50880W
Letting Go,Zev Wanderer,1978,https://openlibrary.org/works/OL6560247W
No matter what,Emma Dodd,2008,https://openlibrary.org/works/OL6036439W
The God of Love and Human Dignity,Paul Middleton,2007,https://openlibrary.org/works/OL6234655W
At face value,Emily Franklin,2008,https://openlibrary.org/works/OL5721356W
Three ways of love,Frances Parkinson Keyes,1963,https://openlibrary.org/works/OL5910040W
His/hers,"Justin Cord Hayes, Nicole Murn Hayes",2005,https://openlibrary.org/works/OL5829958W
The person and love,John Cowburn,1967,https://openlibrary.org/works/OL5817501W
Love on the Lifts,Rachel Hawthorne,2005,https://openlibrary.org/works/OL5683972W
The Truth about Romance,Ben Mason,2005,https://openlibrary.org/works/OL5821728W
"Good dog, Paw!",Chinlun Lee,2004,https://openlibrary.org/works/OL6034268W
Sexual Desire,Roger Scruton,1986,https://openlibrary.org/works/OL61181W
"Love, Sex, and Lasting Relationships",Chip Ingram,2003,https://openlibrary.org/works/OL5833500W
Liberation through love,Kennedy Thom,1978,https://openlibrary.org/works/OL6621759W
Herein is love,Reuel L. Howe,1961,https://openlibrary.org/works/OL6926023W
The creative years,Reuel L. Howe,1959,https://openlibrary.org/works/OL6926024W
My world of astrology,Sydney Omarr,1965,https://openlibrary.org/works/OL69491W
Virgo 1971 (Omarr Astrology),Sydney Omarr,1970,https://openlibrary.org/works/OL69492W
Messages from the masters,Brian L. Weiss,2000,https://openlibrary.org/works/OL70776W
Only Love Is Real,Brian L. Weiss,1996,https://openlibrary.org/works/OL70777W
Dante Gabriel Rossetti and the philosophy of love,Charles Richard Cammell,1933,https://openlibrary.org/works/OL6673889W
Romantic love and personal beauty,Henry Theophilus Finck,1887,https://openlibrary.org/works/OL6610557W
Truce,Janet Bode,1991,https://openlibrary.org/works/OL67043W
Was hält Paare zusammen?,Jürg Willi,1991,https://openlibrary.org/works/OL729716W
Metafisica del sesso,Julius Evola,1969,https://openlibrary.org/works/OL717051W
Beginnings,Carol Lynn Pearson,1969,https://openlibrary.org/works/OL72878W
The modern Magi,Carol Lynn Pearson,1994,https://openlibrary.org/works/OL72880W
Sexual attraction and love,Richard Centers,1974,https://openlibrary.org/works/OL7004358W
A story of love,Francis Bernard Cassilly,1916,https://openlibrary.org/works/OL7526200W
Ben liebt Anna,Peter Härtling,1984,https://openlibrary.org/works/OL754160W
Love at the threshold,Frances Bruce Strain,1942,https://openlibrary.org/works/OL7441327W
Love in America,Francesca M. Cancian,1987,https://openlibrary.org/works/OL4964791W
The roots of love,Helene S. Arnstein,1975,https://openlibrary.org/works/OL5366634W
Oracle du destin,Heinrich Cornelius Agrippa von Nettesheim,1962,https://openlibrary.org/works/OL5589058W
Being in Love,William Johnston,1992,https://openlibrary.org/works/OL5669804W
Love problems of adolescence,Oliver M. Butterfield,1939,https://openlibrary.org/works/OL5362840W
A simple path,Saint Mother Teresa,1995,https://openlibrary.org/works/OL502350W
Learning to love,Harry Frederick Harlow,1971,https://openlibrary.org/works/OL5266214W
Listening to the cicadas,G. R. F. Ferrari,1987,https://openlibrary.org/works/OL5279145W
Love can open prison doors,Starr Daily,1950,https://openlibrary.org/works/OL7601715W
Choose and Choose Again,J. Kevin Butcher,2016,https://openlibrary.org/works/OL25188303W
The language of love,"Gary Smalley, John T. Trent",2006,https://openlibrary.org/works/OL24837622W
Breathe,Joyce Carol Oates,2021,https://openlibrary.org/works/OL24740392W
Dating games,Leigh Michaels,1993,https://openlibrary.org/works/OL2421406W
Leaving the enchanted forest,"Stephanie Covington, Liana Beckett",1988,https://openlibrary.org/works/OL2478035W
Consent,Nancy Ohlin,2015,https://openlibrary.org/works/OL24723537W
Love and Idolatry in the Victorian Novel,Timothy L. Carens,2021,https://openlibrary.org/works/OL25336076W
"A kiss for a blow, or, A collection of stories for children","Wright, Henry Clarke",1852,https://openlibrary.org/works/OL2532909W
Romancing the Divine,Don Nori,2001,https://openlibrary.org/works/OL2538723W
God of Holy Love,"Paul K. Moser, Benjamin Nasmith",2019,https://openlibrary.org/works/OL25432973W
Love Around Us,"Kaarina Määttä, Satu Uusiautti",2018,https://openlibrary.org/works/OL25749805W
Dragon Kiss,Elizabeth Dawson Baker,2009,https://openlibrary.org/works/OL2557248W
Routledge Companion to Romantic Love,Ann Brooks,2021,https://openlibrary.org/works/OL25319169W
Lessons and Beliefs,Mark Tedesco,2014,https://openlibrary.org/works/OL26353844W
Spoiler Alert : the Hero Dies,Michael Ausiello,2017,https://openlibrary.org/works/OL25868295W
"On Love, Confession, Surrender and the Moral Self",Ian Clausen,2017,https://openlibrary.org/works/OL25712382W
Another Finitude,Agata Bielik-Robson,2019,https://openlibrary.org/works/OL25786550W
Sex,Fern Riddell,2021,https://openlibrary.org/works/OL25760689W
Love magic,Laurie Cabot,1992,https://openlibrary.org/works/OL2626631W
Giustizia e carità,Reginaldo M. Pizzorni,1969,https://openlibrary.org/works/OL2364888W
A million and one love strategies,Marie Papillon,1992,https://openlibrary.org/works/OL2392458W
Love idol,Jennifer Dukes Lee,2014,https://openlibrary.org/works/OL23318144W
Das Geheimnis des Herzmagneten,Ruediger Schache,2010,https://openlibrary.org/works/OL22641722W
Snapshot,Angie Stanton,2013,https://openlibrary.org/works/OL23290990W
I'll always love you,Paeony Lewis,2000,https://openlibrary.org/works/OL24177613W
Storying Relationships,"Richard Phillips, Claire Chambers, Nafhesa Ali, Indrani Karmakar, Kristina Diprose",2021,https://openlibrary.org/works/OL26596301W
The friendship factor,Alan Loy McGinnis,1979,https://openlibrary.org/works/OL2672135W
The language of love,Gary Smalley,1988,https://openlibrary.org/works/OL13167W
Cu liu zu,Deyong Zhu,1991,https://openlibrary.org/works/OL13242506W
The shiatsu manual,Gerry Thompson,1994,https://openlibrary.org/works/OL11786W
Die Liebe im deutschen Roman des siebzehnten Jahrhunderts,Gerhard Wilhelm Stern,1931,https://openlibrary.org/works/OL11868078W
L' amour du père et du fils dans la sotériologie de Saint Paul,Kazimierz Romaniuk,1961,https://openlibrary.org/works/OL10749956W
The case is altered,Ben Jonson,1902,https://openlibrary.org/works/OL1085345W
Die schwarze Flamme,Marguerite Yourcenar,1985,https://openlibrary.org/works/OL106834W
What God has joined together,Gustave Thibon,1952,https://openlibrary.org/works/OL1268700W
Woman and love,Bernhard A. Bauer,1927,https://openlibrary.org/works/OL126420W
J'aime,Yves Saint-Arnaud,1970,https://openlibrary.org/works/OL12835939W
The renewal,Terri Kraus,2009,https://openlibrary.org/works/OL13410773W
Parle-moi d'amour,Michel Quoist,1985,https://openlibrary.org/works/OL1320218W
Making love last forever,Gary Smalley,1996,https://openlibrary.org/works/OL13164W
Love Isn't Easy,Charles M. Schulz,1996,https://openlibrary.org/works/OL10510963W
Meet Danitra Brown,Nikki Grimes,1994,https://openlibrary.org/works/OL103724W
The silence of St. Thomas,Josef Pieper,1957,https://openlibrary.org/works/OL112218W
Wahrheit der Dinge,Josef Pieper,1947,https://openlibrary.org/works/OL112219W
La sagesse de l'amour,Alain Finkielkraut,1982,https://openlibrary.org/works/OL112068W
A contrite and humble heart,Sylvester Jenks,1692,https://openlibrary.org/works/OL11361875W
Sam Vole and His Brothers,Martin Waddell,1992,https://openlibrary.org/works/OL114198W
What Use Is a Moose?,Martin Waddell,1996,https://openlibrary.org/works/OL114199W
Deus caritas est,Joseph Ratzinger,2006,https://openlibrary.org/works/OL11714725W
The enemies of love,Aelred Watkin,1958,https://openlibrary.org/works/OL11869537W
The dark side of love,Jane G. Goldberg,1993,https://openlibrary.org/works/OL12192W
Fī al-ḥubb wa-al-ḥubb al-ʻUdhrī,Ṣādiq Jalāl ʻAẓm,1968,https://openlibrary.org/works/OL12308086W
Once there were giants,Martin Waddell,1989,https://openlibrary.org/works/OL114196W
The Book of Love Symbols,Peter Bently,1994,https://openlibrary.org/works/OL3475271W
Eros Unveiled,Catherine Osborne,1994,https://openlibrary.org/works/OL3478408W
Seven Stories of Christmas Love,Leo F. Buscaglia,1987,https://openlibrary.org/works/OL3487847W
The Shakespeare Love Book,William Shakespeare,1915,https://openlibrary.org/works/OL361832W
Charity and its fruits,"Jonathan Edwards, Jonathan Edwards",1852,https://openlibrary.org/works/OL37836W
Blue Sky Through the Window of a Moving Car,Jordan Bolton,2024,https://openlibrary.org/works/OL38045137W
Phaedrus and the Seventh and Eighth Letters,Πλάτων,1973,https://openlibrary.org/works/OL380148W
Le Nouveau monde amoureux,Charles Fourier,1967,https://openlibrary.org/works/OL3748933W
Dialogos de amor,León Hebreo,1944,https://openlibrary.org/works/OL3649433W
""" As I have loved you""",John Kearney,1941,https://openlibrary.org/works/OL3702333W
Love in the machine age,Floyd Dell,1930,https://openlibrary.org/works/OL3535941W
On the way to the wedding,Linda Schierse Leonard,1986,https://openlibrary.org/works/OL3750293W
Never trust Lara,Katherine Applegate,1997,https://openlibrary.org/works/OL15068639W
"Love, Ruby Valentine","Laurie B. Friedman, Laurie Friedman",2006,https://openlibrary.org/works/OL15053583W
Fallen (Fallen #1),Lauren Kate,2009,https://openlibrary.org/works/OL15191494W
Getting the love you want workbook,"Harville Hendrix, Harville, PhD Hendrix, Helen LaKelly Hunt",2003,https://openlibrary.org/works/OL15140633W
My Dating Disasters Diary,Liz Rettig,1998,https://openlibrary.org/works/OL14937731W
Georg Simmel,Georg Simmel,1976,https://openlibrary.org/works/OL1086991W
M and M and the haunted house game,Pat Ross,1980,https://openlibrary.org/works/OL114954W
"Dictionnaire d'amour, études physiologiques",Joachim Duflot,1846,https://openlibrary.org/works/OL11590369W
Good Job,Martin Waddell,1999,https://openlibrary.org/works/OL114194W
The spirit of love,William Law,1752,https://openlibrary.org/works/OL1139442W
Physiologie de l'amour moderne,Paul Bourget,1890,https://openlibrary.org/works/OL1545266W
The book of love,Laura Berman,2009,https://openlibrary.org/works/OL15633935W
Elemental love styles,Craig Martin,2010,https://openlibrary.org/works/OL15300780W
I love you through and through,Bernadette Rossetti-Shustak,2005,https://openlibrary.org/works/OL15143004W
Passion and society,"Rougemont, Denis de",1940,https://openlibrary.org/works/OL1452647W
Crush,Andrea N. Richesin,2011,https://openlibrary.org/works/OL15538164W
Jane,April Lindner,2010,https://openlibrary.org/works/OL15392371W
A history of falling things,"James Graham, James Graham",2009,https://openlibrary.org/works/OL14961769W
Your other self,Jean Vieujean,1959,https://openlibrary.org/works/OL148034W
Shelley on Love,Percy Bysshe Shelley,1980,https://openlibrary.org/works/OL14853428W
"The Scientific American book of love, sex, and the brain",Judith Horstman,2011,https://openlibrary.org/works/OL16015106W
Crazy little thing,Liz Langley,2011,https://openlibrary.org/works/OL16184352W
Wrapped,Jennifer Bradbury,2011,https://openlibrary.org/works/OL16214405W
Finding true love,Daphne Rose Kingma,1996,https://openlibrary.org/works/OL15842787W
The springsweet,Saundra Mitchell,2012,https://openlibrary.org/works/OL16167345W
Janie face to face,Caroline B. Cooney,2013,https://openlibrary.org/works/OL16585139W
Shine,Jeri Smith-Ready,2012,https://openlibrary.org/works/OL16451126W
Emotion and reason,Warren D. TenHouten,2013,https://openlibrary.org/works/OL16532273W
"Christian love, as exemplified by the first Christian church in their having all things in common, placed in its true and just point of light","Chauncy, Charles",1773,https://openlibrary.org/works/OL1633615W
Until I die,Amy Plum,2012,https://openlibrary.org/works/OL16529185W
Return to me,Justina Chen,2013,https://openlibrary.org/works/OL16557605W
Histoire et mythologie de l'amour,Evelyne Sullerot,1974,https://openlibrary.org/works/OL1649845W
Secret Sisterhood of Heartbreakers,Lynn Weingarten,2011,https://openlibrary.org/works/OL16589696W
A letter to the Reverend Alexander Cumming,Andrew Croswell,1762,https://openlibrary.org/works/OL1659135W
Les fiancés du Rhin,Marie-Bernadette Dupuy,2010,https://openlibrary.org/works/OL16619947W
Defiance,C. J. Redwine,2012,https://openlibrary.org/works/OL16591799W
Vampire Stalker,Allison van Diepen,2011,https://openlibrary.org/works/OL16630963W
While He Was Away,Karen Schreck,2012,https://openlibrary.org/works/OL16631239W
Remarks on the Revd. Mr. Croswell's letter to the Reverend Mr. Cumming,Joseph Bellamy,1763,https://openlibrary.org/works/OL1661235W
"Theron, Paulinus, and Aspasio. Or, Letters and dialogues, upon the nature of love to God, faith in Christ, assurance of a title to eternal life",Joseph Bellamy,1759,https://openlibrary.org/works/OL1661236W
Karma,Cathy Ostlere,2011,https://openlibrary.org/works/OL16536692W
The Space Between,Brenna Yovanoff,2011,https://openlibrary.org/works/OL16621983W
Love out loud,Joyce Meyer,2011,https://openlibrary.org/works/OL16461645W
Love you when--,Linda Kranz,2012,https://openlibrary.org/works/OL16694647W
Tides,Betsy Cornwell,2013,https://openlibrary.org/works/OL16704555W
Criminal,Terra Elan McVoy,2013,https://openlibrary.org/works/OL16704601W
Finding love again,Terri Orbuch,2012,https://openlibrary.org/works/OL16499534W
Alix and Nicky,Virginia Rounding,2012,https://openlibrary.org/works/OL16506013W
